Timestamp (s),CPU (%),RAM (%),Swap (%),0:GPU (%),0:Mem (%),0:Temp (C),1:GPU (%),1:Mem (%),1:Temp (C)
1670257244.730,7.7,6.5,0.0,0,0,37,0,0,35
1670257249.734,6.4,6.7,0.0,0,0,36,0,0,34
1670257254.738,6.7,7.2,0.0,0,0,36,0,0,34
1670257259.742,6.7,7.4,0.0,0,0,36,0,0,34
Timestamp (s),CPU (%),RAM (%),Swap (%),0:GPU (%),0:Mem (%),0:Temp (C),1:GPU (%),1:Mem (%),1:Temp (C)
1670257261.304,8.7,7.4,0.0,0,0,36,0,0,34
1670257264.745,6.8,7.3,0.0,0,0,36,0,0,34
1670257266.308,6.2,7.0,0.0,0,0,36,0,0,34
1670257269.749,5.1,7.3,0.0,0,0,35,0,0,34
1670257271.308,4.8,7.4,0.0,0,0,35,0,0,34
1670257274.750,4.7,7.6,0.0,0,0,35,0,0,34
1670257276.312,4.4,7.6,0.0,0,0,36,5,1,34
1670257279.757,4.7,7.9,0.0,3,0,36,2,0,34
Timestamp (s),CPU (%),RAM (%),Swap (%),0:GPU (%),0:Mem (%),0:Temp (C),1:GPU (%),1:Mem (%),1:Temp (C)
1670257541.016,5.5,5.8,0.0,0,0,39,0,0,32
1670257546.020,4.5,6.0,0.0,0,0,38,0,0,32
1670257551.024,4.6,6.4,0.0,0,0,38,0,0,32
1670257556.028,4.7,6.7,0.0,0,0,38,0,0,32
Timestamp (s),CPU (%),RAM (%),Swap (%),0:GPU (%),0:Mem (%),0:Temp (C),1:GPU (%),1:Mem (%),1:Temp (C)
1670257556.598,6.2,6.7,0.0,0,0,38,0,0,32
1670257561.032,4.6,6.9,0.0,0,0,38,0,0,32
1670257561.601,4.7,6.9,0.0,0,0,38,0,0,32
1670257566.036,4.7,7.4,0.0,0,0,38,0,0,32
1670257566.601,4.7,7.4,0.0,0,0,37,0,0,32
1670257571.040,4.4,7.6,0.0,1,0,38,5,1,32
1670257571.605,4.2,7.6,0.0,0,0,38,1,0,32
1670257576.044,5.4,8.2,0.0,0,0,38,3,0,33
1670257576.609,5.7,8.3,0.0,28,10,40,0,0,34
1670257581.048,6.4,8.3,0.0,99,24,43,95,27,36
1670257581.615,6.4,8.3,0.0,98,21,41,93,22,35
1670257586.056,6.5,8.3,0.0,64,10,41,99,27,36
1670257586.621,6.5,8.3,0.0,31,8,43,73,18,36
1670257591.059,6.6,8.3,0.0,94,26,44,80,20,39
1670257591.626,6.7,8.3,0.0,100,25,43,95,23,38
1670257596.063,6.7,8.3,0.0,13,1,45,4,2,39
1670257596.630,6.6,8.3,0.0,97,27,45,29,11,40
1670257601.067,6.6,8.3,0.0,81,21,45,70,18,40
1670257601.648,6.6,8.3,0.0,31,7,46,37,13,40
1670257606.071,6.6,8.3,0.0,93,23,45,93,25,40
1670257606.652,6.6,8.3,0.0,21,2,46,64,19,41
1670257611.075,6.5,8.3,0.0,63,10,46,6,1,41
1670257611.657,6.5,8.3,0.0,71,18,47,27,11,42
1670257616.079,6.5,8.3,0.0,40,14,48,81,20,42
1670257616.661,6.6,8.3,0.0,96,27,46,95,23,41
1670257621.083,6.6,8.3,0.0,96,23,47,79,23,42
1670257621.666,6.7,8.3,0.0,9,1,47,50,14,41
1670257626.088,6.7,8.3,0.0,31,7,48,27,11,43
1670257626.671,6.6,8.3,0.0,95,24,49,64,17,44
1670257631.092,6.5,8.3,0.0,95,25,48,99,27,43
1670257631.676,6.5,8.3,0.0,100,26,48,64,19,43
1670257636.096,6.6,8.3,0.0,44,12,48,85,23,43
1670257636.681,6.6,8.3,0.0,58,17,49,7,3,44
1670257641.101,6.5,8.3,0.0,63,17,49,100,27,44
1670257641.686,6.5,8.3,0.0,5,2,49,63,17,45
1670257646.105,6.5,8.3,0.0,89,25,49,99,25,45
1670257646.696,6.5,8.3,0.0,59,14,49,0,0,44
1670257651.108,6.7,8.3,0.0,1,0,50,37,9,45
1670257651.697,6.7,8.3,0.0,36,13,51,6,1,46
1670257656.113,6.6,8.3,0.0,55,16,51,53,17,47
1670257656.701,6.7,8.3,0.0,90,23,51,80,21,47
1670257661.128,6.8,8.3,0.0,99,25,52,73,22,46
1670257661.706,6.7,8.3,0.0,93,26,50,63,11,46
1670257666.121,6.7,8.3,0.0,95,24,52,96,23,47
1670257666.712,6.7,8.3,0.0,14,2,50,7,1,46
1670257671.124,6.5,8.3,0.0,25,6,51,56,11,46
1670257671.726,6.5,8.3,0.0,8,4,52,31,8,47
1670257676.128,6.5,8.3,0.0,46,13,52,22,10,48
1670257676.730,6.5,8.3,0.0,81,21,53,41,13,49
1670257681.132,6.7,8.3,0.0,25,10,53,95,28,49
1670257681.740,6.7,8.3,0.0,99,28,52,99,29,47
1670257686.137,6.6,8.3,0.0,95,24,53,92,26,48
1670257686.751,6.6,8.3,0.0,18,3,52,58,14,49
1670257691.143,6.5,8.3,0.0,56,16,54,4,2,49
1670257691.755,6.6,8.3,0.0,77,19,54,38,13,50
1670257696.147,6.7,8.3,0.0,39,13,53,5,2,49
1670257696.764,6.6,8.3,0.0,78,23,53,100,28,49
1670257701.151,6.6,8.3,0.0,99,25,53,95,26,49
1670257701.771,6.5,8.3,0.0,15,7,54,31,8,50
1670257706.155,6.5,8.3,0.0,84,25,53,100,27,49
1670257706.777,6.5,8.3,0.0,49,12,53,89,25,49
1670257711.158,6.6,8.3,0.0,76,22,54,98,27,49
1670257711.782,6.7,8.3,0.0,48,14,54,19,8,50
1670257716.161,6.6,8.3,0.0,21,9,55,27,7,50
1670257716.786,6.6,8.3,0.0,99,26,54,60,17,50
1670257721.165,6.5,8.3,0.0,84,25,55,41,13,51
1670257721.790,6.6,8.3,0.0,95,26,54,85,25,50
1670257726.169,6.6,8.3,0.0,42,14,56,47,14,52
1670257726.795,6.6,8.3,0.0,81,24,54,68,20,50
1670257731.177,6.5,8.3,0.0,100,28,55,99,28,50
1670257731.800,6.5,8.3,0.0,94,27,56,90,21,52
1670257736.184,6.5,8.3,0.0,30,2,55,38,10,50
1670257736.804,6.5,8.3,0.0,95,24,56,91,24,52
1670257741.189,6.7,8.3,0.0,94,27,57,64,17,52
1670257741.812,6.6,8.3,0.0,100,26,55,60,17,51
1670257746.202,6.6,8.3,0.0,57,16,55,85,25,51
1670257746.817,6.6,8.3,0.0,26,2,57,37,13,52
1670257751.213,6.5,8.3,0.0,64,17,57,11,5,52
1670257751.821,6.5,8.3,0.0,97,21,56,99,25,52
1670257756.217,6.7,8.3,0.0,27,11,57,93,25,53
1670257756.826,6.6,8.3,0.0,97,27,56,99,25,51
1670257761.225,6.5,8.3,0.0,98,25,56,66,19,52
1670257761.831,6.5,8.3,0.0,8,1,57,37,5,53
1670257766.228,6.5,8.3,0.0,46,5,57,74,22,53
1670257766.835,6.5,8.3,0.0,90,24,58,61,16,54
1670257771.238,6.7,8.3,0.0,69,21,58,26,10,54
1670257771.841,6.7,8.3,0.0,67,20,56,97,27,52
1670257776.242,6.6,8.3,0.0,99,26,57,99,24,52
1670257776.846,6.6,8.3,0.0,24,10,58,5,1,53
1670257781.246,6.5,8.3,0.0,4,1,58,34,8,53
1670257781.850,6.6,8.3,0.0,100,28,58,86,22,54
1670257786.250,6.6,8.3,0.0,88,23,58,57,16,54
1670257786.855,6.6,8.3,0.0,33,8,57,61,18,53
1670257791.254,6.5,8.3,0.0,77,22,57,78,23,53
1670257791.860,6.5,8.3,0.0,47,10,58,45,13,54
1670257796.263,6.5,8.3,0.0,19,8,59,45,12,54
1670257796.864,6.5,8.3,0.0,53,15,59,90,24,55
1670257801.267,6.7,8.3,0.0,52,16,59,52,15,55
1670257801.869,6.7,8.3,0.0,75,22,58,70,20,53
1670257806.270,6.6,8.3,0.0,65,19,58,96,27,53
1670257806.874,6.6,8.3,0.0,36,6,59,28,11,54
1670257811.275,6.5,8.3,0.0,22,10,59,12,2,55
1670257811.878,6.6,8.3,0.0,100,24,58,93,22,54
1670257816.279,6.6,8.3,0.0,89,24,59,55,16,54
1670257816.881,6.6,8.3,0.0,98,25,58,67,20,54
1670257821.285,6.5,8.3,0.0,53,14,58,86,25,54
1670257821.885,6.5,8.3,0.0,22,2,59,55,16,55
1670257826.290,6.5,8.3,0.0,32,8,59,32,12,55
1670257826.889,6.5,8.3,0.0,95,24,59,70,18,55
1670257831.294,6.7,8.3,0.0,84,22,59,99,28,55
1670257831.895,6.7,8.3,0.0,37,10,59,70,19,54
1670257836.301,6.6,8.3,0.0,56,15,60,14,6,56
1670257836.900,6.6,8.3,0.0,75,19,60,42,13,56
1670257841.306,6.5,8.3,0.0,68,18,61,35,12,56
1670257841.903,6.6,8.3,0.0,53,15,59,85,25,54
1670257846.311,6.6,8.3,0.0,98,26,60,83,21,56
1670257846.907,6.6,8.3,0.0,53,15,60,25,10,55
1670257851.321,6.5,8.3,0.0,44,14,60,14,6,55
1670257851.911,6.5,8.3,0.0,83,24,59,99,27,55
1670257856.331,6.5,8.3,0.0,99,28,59,99,26,55
1670257856.917,6.5,8.3,0.0,80,20,60,14,6,56
1670257861.335,6.7,8.3,0.0,91,23,61,27,11,56
1670257861.921,6.7,8.3,0.0,37,13,61,69,18,56
1670257866.339,6.7,8.3,0.0,93,22,61,51,16,57
1670257866.928,6.7,8.3,0.0,99,27,59,81,20,55
1670257871.342,6.5,8.3,0.0,82,24,59,99,27,55
1670257871.932,6.5,8.3,0.0,54,16,60,27,11,56
1670257876.347,6.6,8.3,0.0,44,14,60,11,5,56
1670257876.936,6.6,8.3,0.0,80,21,60,99,28,56
1670257881.351,6.5,8.3,0.0,99,27,60,96,23,56
1670257881.940,6.5,8.3,0.0,67,20,60,4,1,56
1670257886.354,6.5,8.3,0.0,6,3,61,27,5,56
1670257886.945,6.5,8.3,0.0,37,13,61,8,3,56
1670257891.359,6.7,8.3,0.0,96,24,62,84,22,57
1670257891.948,6.7,8.3,0.0,3,1,61,37,10,56
1670257896.365,6.6,8.3,0.0,21,5,60,55,15,55
1670257896.952,6.6,8.3,0.0,15,7,61,23,2,56
1670257901.369,6.5,8.3,0.0,9,1,61,54,15,56
1670257901.956,6.5,8.3,0.0,100,26,61,91,23,56
1670257906.374,6.6,8.3,0.0,64,14,62,6,2,57
1670257906.962,6.6,8.3,0.0,29,7,60,64,16,55
1670257911.377,6.5,8.3,0.0,67,19,60,3,1,56
1670257911.968,6.5,8.3,0.0,60,16,61,27,11,56
1670257916.382,6.5,8.3,0.0,51,15,62,22,10,57
1670257916.981,6.5,8.3,0.0,72,19,61,99,27,56
1670257921.387,6.6,8.3,0.0,99,26,61,98,24,56
1670257921.985,6.7,8.3,0.0,68,16,62,9,4,57
1670257926.392,6.6,8.3,0.0,18,8,61,22,10,57
1670257926.989,6.6,8.3,0.0,100,28,61,99,27,56
1670257931.396,6.5,8.3,0.0,95,23,62,100,27,57
1670257931.995,6.6,8.3,0.0,100,26,61,69,20,56
1670257936.401,6.7,8.3,0.0,95,26,61,93,25,56
1670257937.000,6.7,8.3,0.0,37,12,61,36,13,57
1670257941.407,6.5,8.3,0.0,56,16,62,22,10,57
1670257942.004,6.5,8.3,0.0,91,24,61,100,27,57
1670257946.421,6.5,8.3,0.0,89,25,61,25,6,58
1670257947.017,6.5,8.3,0.0,55,14,62,12,5,58
1670257951.425,6.6,8.3,0.0,25,10,62,12,1,57
1670257952.021,6.6,8.3,0.0,54,16,63,94,23,58
1670257956.429,6.6,8.3,0.0,99,28,62,93,24,57
1670257957.024,6.7,8.3,0.0,81,24,61,18,2,56
1670257961.434,6.9,8.3,0.0,11,2,61,46,11,56
1670257962.029,6.8,8.3,0.0,23,10,62,82,21,57
1670257966.438,6.7,8.3,0.0,94,24,63,69,18,58
1670257967.042,6.7,8.3,0.0,99,27,62,49,13,57
1670257971.443,6.5,8.3,0.0,94,23,62,80,23,57
1670257972.046,6.5,8.3,0.0,15,3,63,51,11,58
1670257976.447,6.5,8.3,0.0,35,8,63,27,11,58
1670257977.050,6.4,8.3,0.0,94,22,63,100,26,57
1670257981.451,6.6,8.3,0.0,68,20,61,100,27,57
1670257982.053,6.7,8.3,0.0,37,10,61,73,15,57
1670257986.454,6.6,8.3,0.0,99,25,62,83,21,57
1670257987.058,6.6,8.3,0.0,58,17,62,23,10,57
1670257991.458,6.5,8.3,0.0,25,10,63,2,1,58
1670257992.070,6.5,8.3,0.0,100,27,63,99,26,58
1670257996.462,6.7,8.3,0.0,95,24,64,99,27,59
1670257997.074,6.6,8.3,0.0,24,2,62,84,25,57
1670258001.465,6.5,8.3,0.0,51,10,62,97,24,57
1670258002.079,6.5,8.3,0.0,19,2,63,7,1,58
1670258006.472,6.5,8.3,0.0,21,2,63,55,16,58
1670258007.083,6.5,8.3,0.0,95,24,64,73,18,59
1670258011.476,6.7,8.3,0.0,100,26,62,93,23,58
1670258012.089,6.7,8.3,0.0,76,19,63,100,28,58
1670258016.480,6.6,8.3,0.0,95,26,62,97,27,58
1670258017.095,6.6,8.3,0.0,29,4,62,34,12,58
1670258021.484,6.5,8.3,0.0,91,18,62,99,25,57
1670258022.103,6.6,8.3,0.0,61,14,63,8,4,58
1670258026.490,6.6,8.3,0.0,11,1,62,47,13,57
1670258027.108,6.6,8.3,0.0,24,10,63,74,18,58
1670258031.495,6.5,8.3,0.0,53,17,63,20,9,58
1670258032.112,6.5,8.3,0.0,86,25,63,99,26,59
1670258036.499,6.5,8.3,0.0,20,9,64,82,21,59
1670258037.117,6.5,8.3,0.0,100,27,62,38,10,57
1670258041.503,6.7,8.3,0.0,95,28,63,94,26,58
1670258042.124,6.7,8.3,0.0,47,10,63,81,24,57
1670258046.513,6.6,8.3,0.0,100,23,62,46,13,58
1670258047.129,6.6,8.3,0.0,14,6,63,24,5,58
1670258051.518,6.5,8.3,0.0,23,5,63,41,14,58
1670258052.133,6.6,8.3,0.0,95,24,64,72,18,59
1670258056.522,6.6,8.3,0.0,91,24,64,66,17,59
1670258057.139,6.5,8.3,0.0,29,7,62,50,15,57
1670258061.526,6.5,8.3,0.0,58,15,62,38,10,57
1670258062.144,6.5,8.3,0.0,71,18,64,95,25,59
1670258066.531,6.5,8.3,0.0,63,17,64,93,24,59
1670258067.147,6.5,8.3,0.0,58,15,63,99,25,58
1670258071.534,6.7,8.3,0.0,94,22,63,94,24,58
1670258072.158,6.7,8.3,0.0,6,1,64,21,2,59
1670258076.546,6.6,8.3,0.0,11,1,64,41,11,59
1670258077.169,6.6,8.3,0.0,96,23,64,86,22,58
1670258081.550,6.5,8.3,0.0,95,24,65,72,18,59
1670258082.173,6.5,8.3,0.0,18,2,63,48,14,58
1670258086.555,6.7,8.3,0.0,50,14,63,82,23,58
1670258087.178,6.6,8.3,0.0,20,4,63,45,14,58
1670258091.560,6.5,8.3,0.0,55,16,64,24,10,58
1670258092.183,6.5,8.3,0.0,88,23,63,99,27,58
1670258096.563,6.5,8.3,0.0,86,24,63,99,27,58
1670258097.187,6.5,8.3,0.0,40,13,64,16,7,59
1670258101.575,6.7,8.3,0.0,27,11,64,4,1,59
1670258102.192,6.7,8.3,0.0,62,17,65,99,25,60
1670258106.579,6.6,8.3,0.0,98,27,63,94,23,58
1670258107.197,6.6,8.3,0.0,13,6,64,13,2,59
1670258111.583,6.5,8.3,0.0,100,27,63,32,8,58
1670258112.201,6.5,8.3,0.0,97,24,63,93,25,59
1670258116.588,6.7,8.3,0.0,6,3,64,74,19,59
1670258117.205,6.7,8.3,0.0,99,26,63,95,23,58
1670258121.598,6.5,8.3,0.0,90,23,64,92,26,59
1670258122.210,6.5,8.3,0.0,33,7,64,57,16,59
1670258126.605,6.5,8.3,0.0,60,17,63,54,15,58
1670258127.215,6.5,8.3,0.0,89,25,63,26,10,59
1670258131.610,6.7,8.3,0.0,56,16,65,93,24,60
1670258132.219,6.7,8.3,0.0,63,17,63,99,27,58
1670258136.613,6.5,8.3,0.0,57,15,63,42,12,58
1670258137.223,6.5,8.3,0.0,23,2,64,13,2,59
1670258141.622,6.5,8.3,0.0,90,23,64,96,25,59
1670258142.227,6.5,8.3,0.0,98,24,64,59,16,58
1670258146.626,6.6,8.3,0.0,44,10,63,69,20,58
1670258147.230,6.6,8.3,0.0,8,1,64,64,17,59
1670258151.632,6.5,8.3,0.0,25,6,64,51,14,60
1670258152.234,6.5,8.3,0.0,95,24,65,77,19,60
1670258156.637,6.5,8.3,0.0,70,19,65,40,13,59
1670258157.241,6.5,8.3,0.0,57,15,64,82,25,59
1670258161.642,6.6,8.3,0.0,88,25,64,99,27,58
1670258162.245,6.6,8.3,0.0,57,12,65,22,10,60
1670258166.646,6.7,8.3,0.0,25,10,64,8,3,59
1670258167.249,6.6,8.3,0.0,59,16,65,99,25,60
1670258171.650,6.5,8.3,0.0,100,28,65,95,23,60
1670258172.256,6.6,8.3,0.0,81,21,63,99,27,58
1670258176.655,6.7,8.3,0.0,1,0,63,26,6,58
1670258177.260,6.6,8.3,0.0,27,11,65,5,2,59
1670258181.660,6.5,8.3,0.0,13,6,65,84,22,60
1670258182.267,6.5,8.3,0.0,100,26,64,95,23,59
1670258186.664,6.5,8.3,0.0,94,25,64,81,24,59
1670258187.273,6.5,8.3,0.0,28,7,65,53,9,60
1670258191.669,6.7,8.3,0.0,60,17,65,69,19,60
1670258192.277,6.7,8.3,0.0,71,18,65,66,17,60
1670258196.674,6.6,8.3,0.0,45,14,65,83,22,60
1670258197.283,6.6,8.3,0.0,75,22,64,99,26,59
1670258201.677,6.5,8.3,0.0,92,25,64,60,17,59
1670258202.287,6.5,8.3,0.0,58,12,65,30,8,60
1670258206.682,6.7,8.3,0.0,38,10,65,37,13,60
1670258207.291,6.7,8.3,0.0,95,25,66,68,18,60
1670258211.686,6.5,8.3,0.0,90,24,65,56,16,60
1670258212.295,6.5,8.3,0.0,31,8,64,64,19,59
1670258216.689,6.5,8.3,0.0,61,17,64,93,26,59
1670258217.300,6.5,8.3,0.0,67,18,65,33,12,59
1670258221.693,6.7,8.3,0.0,100,27,64,43,12,59
1670258222.304,6.7,8.3,0.0,75,22,64,100,27,59
1670258226.697,6.6,8.3,0.0,99,27,64,98,24,59
1670258227.308,6.6,8.3,0.0,69,16,64,3,1,60
1670258231.703,6.5,8.3,0.0,8,4,65,29,6,60
1670258232.313,6.5,8.3,0.0,38,13,65,93,23,60
1670258236.708,6.6,8.3,0.0,97,24,66,87,23,61
1670258237.319,6.6,8.3,0.0,1,0,64,33,8,59
1670258241.714,6.5,8.3,0.0,39,10,64,70,20,59
1670258242.324,6.5,8.3,0.0,8,1,65,59,16,60
1670258246.719,6.5,8.3,0.0,22,4,65,45,14,60
1670258247.333,6.5,8.3,0.0,95,23,64,74,22,59
1670258251.726,6.7,8.3,0.0,95,25,64,91,26,59
1670258252.337,6.7,8.3,0.0,61,17,66,100,26,59
1670258256.737,6.8,8.3,0.0,18,2,65,63,17,60
1670258257.348,7.0,8.3,0.0,31,7,64,51,15,59
1670258261.741,6.7,8.2,0.0,30,10,64,30,10,58
1670258262.351,6.5,8.2,0.0,15,4,63,9,2,57
1670258266.746,6.6,8.2,0.0,7,2,64,30,10,57
1670258267.356,6.6,8.2,0.0,8,3,63,5,2,57
1670258271.750,6.5,8.2,0.0,27,10,63,10,4,58
1670258272.364,6.4,8.2,0.0,54,19,64,28,10,57
1670258276.755,6.5,8.1,0.0,7,0,61,100,2,56
1670258277.369,6.5,8.3,0.0,0,0,61,100,2,56
1670258281.761,6.9,8.2,0.0,99,26,63,95,24,57
1670258282.373,6.9,8.2,0.0,13,6,64,22,3,58
1670258286.767,6.6,8.2,0.0,59,8,62,90,26,57
1670258287.377,6.6,8.2,0.0,61,16,63,40,14,58
1670258291.771,6.4,8.2,0.0,16,7,64,23,5,58
1670258292.381,6.6,8.2,0.0,100,26,64,93,24,59
1670258296.775,6.7,8.2,0.0,67,17,64,36,13,59
1670258297.391,6.6,8.2,0.0,64,10,63,94,26,58
1670258301.779,6.5,8.2,0.0,94,22,64,94,28,59
1670258302.398,6.5,8.2,0.0,99,27,63,41,12,57
1670258306.785,6.5,8.2,0.0,40,11,64,25,10,58
1670258307.403,6.5,8.2,0.0,7,1,63,66,21,59
1670258311.789,6.7,8.2,0.0,11,5,64,15,1,59
1670258312.407,6.7,8.2,0.0,45,14,64,93,22,59
1670258316.794,6.6,8.2,0.0,65,17,64,44,15,59
1670258317.411,6.6,8.2,0.0,93,24,63,97,20,58
1670258321.798,6.5,8.2,0.0,24,10,64,95,27,60
1670258322.417,6.5,8.2,0.0,99,27,63,100,28,58
1670258326.802,6.7,8.2,0.0,71,18,64,65,17,59
1670258327.421,6.7,8.2,0.0,52,15,63,51,13,58
1670258331.806,6.5,8.2,0.0,99,27,63,72,14,58
1670258332.426,6.5,8.2,0.0,17,8,64,41,6,59
1670258336.817,6.5,8.2,0.0,19,3,63,11,5,59
1670258337.430,6.5,8.2,0.0,20,9,64,29,11,59
1670258341.822,6.7,8.2,0.0,31,12,65,95,25,59
1670258342.436,6.7,8.2,0.0,89,26,63,100,26,58
1670258346.826,6.5,8.2,0.0,36,10,65,23,10,59
1670258347.440,6.5,8.2,0.0,7,1,64,40,11,59
1670258351.831,6.5,8.2,0.0,48,12,64,21,9,59
1670258352.444,6.5,8.2,0.0,81,23,64,98,26,60
1670258356.835,6.6,8.2,0.0,24,10,64,12,1,59
1670258357.447,6.6,8.2,0.0,94,26,64,100,29,59
1670258361.839,6.5,8.2,0.0,75,19,65,40,13,60
1670258362.454,6.5,8.2,0.0,77,25,65,85,20,58
1670258366.845,6.5,8.2,0.0,100,28,64,93,23,59
1670258367.461,6.5,8.2,0.0,3,2,63,23,5,60
1670258371.848,6.7,8.2,0.0,71,21,64,100,21,58
1670258372.465,6.8,8.2,0.0,42,12,65,19,8,59
1670258376.853,6.6,8.2,0.0,33,9,63,67,13,58
1670258377.469,6.6,8.2,0.0,10,2,65,53,15,59
1670258381.861,6.5,8.2,0.0,4,2,65,19,4,59
1670258382.473,6.5,8.2,0.0,28,11,65,94,26,60
1670258386.866,6.7,8.2,0.0,25,5,64,42,14,59
1670258387.477,6.6,8.2,0.0,94,23,65,89,18,59
1670258391.870,6.5,8.2,0.0,68,18,65,99,27,60
1670258392.481,6.5,8.2,0.0,56,14,64,69,20,58
1670258396.873,6.5,8.2,0.0,100,27,64,74,22,58
1670258397.485,6.5,8.2,0.0,99,25,64,97,27,59
1670258401.877,6.7,8.2,0.0,8,1,65,24,10,59
1670258402.489,6.7,8.2,0.0,97,24,65,100,27,60
1670258406.881,6.6,8.2,0.0,99,25,66,100,29,59
1670258407.492,6.6,8.2,0.0,82,24,64,99,28,59
1670258411.884,6.5,8.2,0.0,100,28,64,53,15,59
1670258412.496,6.6,8.2,0.0,13,6,65,25,2,60
1670258416.898,6.8,8.2,0.0,35,9,65,30,11,60
1670258417.500,6.7,8.2,0.0,94,24,66,74,21,61
1670258421.910,6.5,8.2,0.0,66,18,66,28,11,60
1670258422.507,6.5,8.2,0.0,62,16,64,95,27,59
1670258426.913,6.5,8.2,0.0,100,27,64,95,23,59
1670258427.514,6.5,8.2,0.0,26,10,65,7,1,60
1670258431.919,6.7,8.2,0.0,23,5,64,57,7,59
1670258432.518,6.7,8.2,0.0,95,24,66,73,18,60
1670258436.923,6.6,8.2,0.0,63,17,66,44,15,61
1670258437.522,6.6,8.2,0.0,63,18,64,94,27,59
1670258441.927,6.5,8.2,0.0,97,26,65,98,24,59
1670258442.527,6.6,8.2,0.0,68,20,65,4,1,60
1670258446.933,6.6,8.2,0.0,13,2,65,48,10,60
1670258447.531,6.6,8.2,0.0,94,23,65,88,17,59
1670258451.938,6.5,8.2,0.0,94,27,65,100,26,60
1670258452.545,6.5,8.2,0.0,94,24,65,94,25,59
1670258456.942,6.5,8.2,0.0,90,25,65,99,26,60
1670258457.548,6.5,8.2,0.0,56,13,65,84,25,59
1670258461.945,6.7,8.2,0.0,21,9,66,75,22,60
1670258462.552,6.7,8.2,0.0,52,15,66,62,16,61
1670258466.949,6.7,8.2,0.0,31,12,66,73,19,60
1670258467.558,6.6,8.2,0.0,89,25,64,50,14,59
1670258471.953,6.5,8.2,0.0,88,25,65,80,24,60
1670258472.562,6.5,8.2,0.0,54,15,66,51,11,60
1670258476.957,6.6,8.2,0.0,44,12,66,26,10,60
1670258477.566,6.6,8.2,0.0,83,22,66,61,16,61
1670258481.961,6.5,8.2,0.0,64,17,66,99,26,61
1670258482.569,6.5,8.2,0.0,62,15,64,84,25,59
1670258486.966,6.5,8.2,0.0,85,23,64,8,1,59
1670258487.573,6.5,8.2,0.0,46,14,65,25,10,60
1670258491.970,6.7,8.2,0.0,23,10,65,2,0,60
1670258492.577,6.7,8.2,0.0,99,28,65,100,25,60
1670258496.974,6.6,8.2,0.0,100,26,65,93,23,60
1670258497.583,6.6,8.2,0.0,9,4,66,17,2,61
1670258501.977,6.5,8.2,0.0,23,5,65,45,11,61
1670258502.589,6.5,8.2,0.0,95,25,66,78,20,61
1670258506.982,6.6,8.2,0.0,87,25,65,100,28,60
1670258507.592,6.6,8.2,0.0,52,15,65,75,20,59
1670258511.985,6.5,8.2,0.0,82,23,65,99,27,59
1670258512.597,6.5,8.2,0.0,52,8,66,25,10,60
1670258516.990,6.6,8.2,0.0,25,10,66,94,24,60
1670258517.601,6.5,8.2,0.0,58,16,66,37,13,61
1670258521.994,6.7,8.2,0.0,100,26,67,94,22,61
1670258522.604,6.7,8.2,0.0,86,25,64,4,1,59
1670258526.998,6.6,8.2,0.0,33,9,64,30,6,59
1670258527.611,6.6,8.2,0.0,5,2,66,7,3,60
1670258532.002,6.5,8.2,0.0,45,11,66,4,2,61
1670258532.615,6.5,8.2,0.0,83,21,67,100,26,61
1670258537.006,6.7,8.2,0.0,90,24,66,96,23,61
1670258537.622,6.6,8.2,0.0,24,5,64,97,27,59
1670258542.009,6.5,8.2,0.0,5,2,66,22,3,60
1670258542.626,6.5,8.2,0.0,28,11,65,13,6,61
1670258547.014,6.5,8.2,0.0,10,4,66,82,21,61
1670258547.630,6.5,8.2,0.0,99,26,65,96,23,59
1670258552.018,6.7,8.2,0.0,94,22,65,70,19,60
1670258552.633,6.7,8.2,0.0,19,2,66,43,12,60
1670258557.024,6.8,8.2,0.0,54,16,67,96,23,60
1670258557.638,6.9,8.2,0.0,83,22,65,99,27,60
1670258562.027,6.6,8.2,0.0,52,15,66,28,11,61
1670258562.641,6.5,8.2,0.0,74,22,65,98,26,59
1670258567.031,6.7,8.2,0.0,99,27,65,100,26,59
1670258567.645,6.6,8.2,0.0,26,10,65,9,4,60
1670258572.035,6.5,8.2,0.0,5,2,65,21,5,60
1670258572.649,6.5,8.2,0.0,99,25,66,94,23,61
1670258577.039,6.5,8.2,0.0,95,24,66,85,22,60
1670258577.654,6.5,8.2,0.0,15,2,65,39,7,60
1670258582.043,6.6,8.2,0.0,61,16,64,83,25,59
1670258582.658,6.7,8.2,0.0,34,9,65,33,12,59
1670258587.048,6.6,8.2,0.0,29,11,65,9,4,60
1670258587.662,6.6,8.2,0.0,65,17,66,98,27,60
1670258592.052,6.5,8.2,0.0,36,13,66,95,23,60
1670258592.668,6.5,8.2,0.0,86,25,64,97,27,58
1670258597.058,6.6,8.2,0.0,100,28,64,89,25,59
1670258597.673,6.6,8.2,0.0,15,7,65,42,13,59
1670258602.062,6.5,8.2,0.0,7,1,65,35,12,60
1670258602.686,6.5,8.2,0.0,99,26,65,84,25,59
1670258607.071,6.5,8.2,0.0,99,27,65,99,27,60
1670258607.693,6.5,8.2,0.0,62,18,65,70,19,60
1670258612.074,6.7,8.2,0.0,82,24,65,4,0,59
1670258612.698,6.7,8.2,0.0,45,14,66,27,11,60
1670258617.078,6.6,8.2,0.0,92,21,65,93,25,59
1670258617.702,6.6,8.2,0.0,100,27,64,98,24,59
1670258622.082,6.5,8.2,0.0,94,23,65,71,20,59
1670258622.708,6.6,8.2,0.0,17,2,65,40,11,60
1670258627.087,6.6,8.2,0.0,46,10,65,67,20,59
1670258627.712,6.6,8.2,0.0,85,23,66,62,17,60
1670258632.091,6.5,8.2,0.0,58,16,66,36,12,61
1670258632.715,6.5,8.2,0.0,63,18,64,84,25,59
1670258637.095,6.5,8.2,0.0,99,27,64,99,26,59
1670258637.723,6.5,8.2,0.0,23,10,65,7,3,60
1670258642.100,6.8,8.2,0.0,11,1,66,32,8,61
1670258642.727,6.8,8.2,0.0,96,23,66,94,24,61
1670258647.104,6.6,8.2,0.0,95,24,66,86,22,61
1670258647.731,6.6,8.2,0.0,15,3,64,35,9,59
1670258652.111,6.5,8.2,0.0,48,12,64,66,19,59
1670258652.736,6.6,8.2,0.0,78,23,65,97,26,60
1670258657.116,6.7,8.2,0.0,57,16,65,41,13,60
1670258657.746,6.6,8.2,0.0,92,24,65,82,21,59
1670258662.120,6.5,8.2,0.0,100,27,65,71,18,60
1670258662.753,6.5,8.2,0.0,67,18,65,49,14,60
1670258667.124,6.6,8.2,0.0,100,26,64,46,13,59
1670258667.758,6.5,8.2,0.0,34,9,64,82,23,59
1670258672.129,6.7,8.2,0.0,26,10,65,43,14,60
1670258672.762,6.7,8.2,0.0,91,25,65,80,24,60
1670258677.133,6.6,8.2,0.0,87,25,65,100,27,60
1670258677.766,6.6,8.2,0.0,54,13,65,75,22,60
1670258682.139,6.5,8.2,0.0,78,23,65,0,0,59
1670258682.770,6.6,8.2,0.0,53,16,66,30,12,61
1670258687.143,6.6,8.2,0.0,27,11,66,95,24,61
1670258687.774,6.6,8.2,0.0,100,27,64,98,26,59
1670258692.147,6.5,8.2,0.0,98,27,65,96,23,59
1670258692.779,6.5,8.2,0.0,11,5,65,9,1,61
1670258697.152,6.5,8.2,0.0,33,9,66,42,14,61
1670258697.783,6.5,8.2,0.0,95,24,65,80,23,59
1670258702.161,6.8,8.2,0.0,82,22,65,99,27,61
1670258702.789,6.8,8.2,0.0,46,12,64,67,20,59
1670258707.166,6.6,8.2,0.0,82,24,65,99,27,60
1670258707.794,6.6,8.2,0.0,49,15,65,28,11,60
1670258712.176,6.5,8.2,0.0,28,11,66,14,6,60
1670258712.799,6.6,8.2,0.0,95,26,65,99,27,60
1670258717.187,6.6,8.2,0.0,99,28,65,97,24,60
1670258717.804,6.6,8.2,0.0,21,9,66,0,0,61
1670258722.191,6.5,8.2,0.0,75,19,66,100,26,60
1670258722.808,6.5,8.2,0.0,16,7,66,87,23,61
1670258727.196,6.5,8.2,0.0,92,26,66,77,20,60
1670258727.816,6.5,8.2,0.0,98,24,65,95,23,60
1670258732.200,6.7,8.2,0.0,74,21,65,97,24,60
1670258732.824,6.7,8.2,0.0,43,7,66,9,4,61
1670258737.205,6.6,8.2,0.0,64,19,66,27,5,59
1670258737.828,6.6,8.2,0.0,70,18,66,94,24,61
1670258742.210,6.5,8.2,0.0,85,22,66,81,21,61
1670258742.833,6.6,8.2,0.0,99,25,65,43,12,59
1670258747.220,6.7,8.2,0.0,68,18,65,81,24,60
1670258747.838,6.6,8.2,0.0,35,6,66,49,14,60
1670258752.224,6.5,8.2,0.0,31,12,66,23,10,61
1670258752.850,6.5,8.2,0.0,69,18,67,55,15,61
1670258757.228,6.5,8.2,0.0,100,27,67,99,25,61
1670258757.856,6.5,8.2,0.0,74,21,65,87,25,59
1670258762.233,6.7,8.2,0.0,100,27,65,23,5,60
1670258762.860,6.7,8.2,0.0,23,10,66,7,3,60
1670258767.237,6.6,8.2,0.0,66,18,65,79,23,60
1670258767.872,6.6,8.2,0.0,97,24,65,96,24,60
1670258772.241,6.5,8.2,0.0,95,25,65,85,22,60
1670258772.876,6.5,8.2,0.0,23,5,65,38,9,60
1670258777.244,6.7,8.2,0.0,56,16,64,69,20,59
1670258777.881,6.6,8.2,0.0,66,17,66,52,15,60
1670258782.248,6.5,8.2,0.0,36,13,65,28,11,60
1670258782.888,6.5,8.2,0.0,85,25,65,98,27,59
1670258787.252,6.5,8.2,0.0,100,27,65,98,24,60
1670258787.892,6.5,8.2,0.0,18,8,66,6,3,60
1670258792.258,6.7,8.2,0.0,10,2,66,18,2,60
1670258792.896,6.7,8.2,0.0,96,23,66,93,23,61
1670258797.263,6.6,8.2,0.0,95,26,66,24,10,61
1670258797.900,6.6,8.2,0.0,29,7,64,94,26,59
1670258802.266,6.5,8.2,0.0,50,14,64,91,26,59
1670258802.915,6.6,8.2,0.0,78,21,65,28,11,60
1670258807.270,6.6,8.2,0.0,21,4,66,3,1,61
1670258807.919,6.6,8.2,0.0,97,26,66,96,23,61
1670258812.274,6.5,8.2,0.0,95,25,66,93,24,61
1670258812.923,6.5,8.2,0.0,19,2,64,25,6,59
1670258817.277,6.5,8.2,0.0,47,13,64,53,13,59
1670258817.928,6.5,8.2,0.0,19,3,65,72,18,60
1670258822.283,6.6,8.2,0.0,51,15,65,46,14,60
1670258822.932,6.6,8.2,0.0,91,24,65,74,22,60
1670258827.287,6.6,8.2,0.0,99,27,66,100,26,61
1670258827.938,6.6,8.2,0.0,77,22,64,81,24,59
1670258832.294,6.5,8.2,0.0,100,27,65,99,27,59
1670258832.943,6.6,8.2,0.0,24,10,65,23,10,60
1670258837.299,6.7,8.2,0.0,60,17,65,63,17,59
1670258837.955,6.6,8.2,0.0,100,26,65,98,25,60
1670258842.303,6.5,8.2,0.0,94,23,65,95,24,60
1670258842.960,6.5,8.2,0.0,22,5,66,26,2,61
1670258847.308,6.5,8.2,0.0,53,14,64,57,17,59
1670258847.964,6.5,8.2,0.0,76,19,66,70,18,61
1670258852.312,6.7,8.2,0.0,51,15,66,46,14,60
1670258852.971,6.7,8.2,0.0,76,22,65,81,23,59
1670258857.320,6.9,8.2,0.0,100,27,65,99,27,60
1670258857.982,6.9,8.2,0.0,100,25,65,97,24,60
1670258862.324,6.5,8.2,0.0,5,2,66,23,10,61
1670258862.986,6.5,8.2,0.0,100,26,66,94,26,60
1670258867.328,6.7,8.2,0.0,95,24,66,78,20,61
1670258867.990,6.7,8.2,0.0,11,1,65,44,10,60
1670258872.331,6.5,8.2,0.0,99,27,65,59,17,59
1670258872.995,6.5,8.2,0.0,100,26,65,90,26,60
1670258877.335,6.5,8.2,0.0,39,13,65,37,13,60
1670258878.003,6.5,8.2,0.0,85,25,65,88,23,60
1670258882.339,6.7,8.2,0.0,100,27,66,99,25,61
1670258883.017,6.7,8.2,0.0,13,6,66,11,5,61
1670258887.346,6.6,8.2,0.0,20,4,66,25,5,61
1670258888.021,6.6,8.2,0.0,94,23,66,94,25,61
1670258892.350,6.5,8.2,0.0,75,20,66,67,18,60
1670258893.024,6.6,8.2,0.0,47,13,65,54,15,60
1670258897.354,6.7,8.2,0.0,77,23,66,84,23,60
1670258898.027,6.6,8.2,0.0,47,14,66,46,15,61
1670258902.358,6.5,8.2,0.0,74,20,65,80,23,60
1670258903.031,6.5,8.2,0.0,56,16,67,47,14,61
1670258907.363,6.5,8.2,0.0,36,12,66,31,12,61
1670258908.038,6.5,8.2,0.0,83,25,65,91,26,59
1670258912.369,6.7,8.2,0.0,100,28,65,99,25,60
1670258913.042,6.7,8.2,0.0,10,5,66,7,3,60
1670258917.378,6.6,8.2,0.0,22,2,66,30,8,61
1670258918.046,6.6,8.2,0.0,94,23,66,95,25,60
1670258922.385,6.5,8.2,0.0,76,22,65,82,25,60
1670258923.052,6.6,8.2,0.0,40,9,65,47,13,59
1670258927.389,6.6,8.2,0.0,69,20,65,64,19,60
1670258928.057,6.6,8.2,0.0,58,16,66,65,17,61
1670258932.394,6.5,8.2,0.0,45,14,65,7,2,60
1670258933.062,6.5,8.2,0.0,80,21,65,99,26,60
1670258937.398,6.5,8.2,0.0,10,5,66,36,9,61
1670258938.070,6.5,8.2,0.0,39,14,66,3,0,61
1670258942.405,6.7,8.2,0.0,55,15,65,39,10,61
1670258943.079,6.7,8.2,0.0,77,20,67,86,22,62
1670258947.409,6.6,8.2,0.0,58,16,66,59,16,60
1670258948.083,6.6,8.2,0.0,66,19,65,64,19,60
1670258952.412,6.5,8.2,0.0,97,27,65,96,27,60
1670258953.088,6.5,8.2,0.0,29,11,66,31,12,60
1670258957.416,6.6,8.2,0.0,28,11,66,29,11,61
1670258958.098,6.5,8.2,0.0,93,26,65,91,26,60
1670258962.427,6.5,8.2,0.0,8,2,64,20,7,60
1670258963.110,6.5,8.2,0.0,20,7,64,30,10,59
1670258967.434,6.5,8.2,0.0,5,2,64,7,3,59
1670258968.114,6.5,8.2,0.0,25,9,65,28,10,60
1670258972.440,6.7,8.2,0.0,13,4,64,28,10,59
1670258973.119,6.7,8.2,0.0,5,1,63,28,10,59
1670258977.447,6.6,8.2,0.0,4,1,63,0,0,58
1670258978.124,6.6,8.2,0.0,26,10,65,29,11,60
1670258982.452,6.5,8.2,0.0,93,24,64,94,24,59
1670258983.129,6.5,8.2,0.0,99,26,64,100,27,59
1670258987.456,6.6,8.2,0.0,95,24,64,93,22,59
1670258988.134,6.6,8.2,0.0,20,2,65,16,3,59
1670258992.462,6.5,8.2,0.0,43,10,65,35,9,60
1670258993.138,6.5,8.2,0.0,90,24,65,93,24,59
1670258997.467,6.5,8.2,0.0,69,18,66,95,23,61
1670258998.142,6.5,8.2,0.0,40,13,65,94,26,60
1670259002.472,6.7,8.2,0.0,78,22,64,98,27,59
1670259003.146,6.7,8.2,0.0,100,27,64,34,9,59
1670259007.484,6.6,8.2,0.0,58,16,65,8,4,60
1670259008.151,6.6,8.2,0.0,58,15,64,98,26,59
1670259012.488,6.5,8.2,0.0,94,26,65,93,23,60
1670259013.161,6.6,8.2,0.0,59,16,66,74,19,60
1670259017.494,6.7,8.2,0.0,61,16,65,47,13,59
1670259018.165,6.7,8.2,0.0,69,18,66,85,22,61
1670259022.499,6.5,8.2,0.0,58,16,66,68,18,60
1670259023.170,6.5,8.2,0.0,64,19,64,51,14,59
1670259027.505,6.5,8.2,0.0,88,26,64,76,22,59
1670259028.178,6.5,8.2,0.0,40,13,65,52,15,60
1670259032.514,6.6,8.2,0.0,22,10,66,29,11,60
1670259033.182,6.7,8.2,0.0,99,28,65,98,27,59
1670259037.518,6.6,8.2,0.0,95,22,66,100,26,61
1670259038.187,6.5,8.2,0.0,2,0,65,15,7,60
1670259042.521,6.5,8.2,0.0,24,4,64,10,1,59
1670259043.192,6.5,8.2,0.0,95,25,66,93,22,61
1670259047.526,6.6,8.2,0.0,79,21,66,89,23,61
1670259048.197,6.6,8.2,0.0,48,12,64,32,9,59
1670259052.531,6.5,8.2,0.0,71,19,65,55,15,59
1670259053.213,6.5,8.2,0.0,57,16,65,25,6,60
1670259057.536,6.5,8.2,0.0,53,15,66,36,9,61
1670259058.217,6.5,8.2,0.0,76,23,65,93,24,60
1670259062.540,6.7,8.2,0.0,53,15,66,85,22,61
1670259063.227,6.7,8.2,0.0,29,11,66,29,7,60
1670259067.547,6.6,8.2,0.0,98,27,65,100,27,59
1670259068.231,6.6,8.2,0.0,30,11,66,94,22,61
1670259072.551,6.5,8.2,0.0,27,11,65,3,2,60
1670259073.238,6.5,8.2,0.0,94,24,66,93,25,60
1670259077.554,6.7,8.2,0.0,76,19,65,95,24,60
1670259078.242,6.6,8.2,0.0,56,16,65,20,2,60
1670259082.559,6.5,8.2,0.0,61,16,66,40,11,61
1670259083.246,6.5,8.2,0.0,88,25,65,92,24,60
1670259087.563,6.5,8.2,0.0,55,16,66,75,19,61
1670259088.253,6.5,8.2,0.0,68,19,65,46,13,60
1670259092.569,6.7,8.2,0.0,92,25,65,70,20,59
1670259093.257,6.7,8.2,0.0,35,13,66,53,15,61
1670259097.573,6.6,8.2,0.0,23,10,66,41,13,60
1670259098.263,6.6,8.2,0.0,100,27,65,78,23,59
1670259102.577,6.5,8.2,0.0,99,26,65,98,26,60
1670259103.277,6.6,8.2,0.0,12,5,65,28,11,60
1670259107.584,6.7,8.2,0.0,13,1,66,16,7,61
1670259108.287,6.7,8.2,0.0,96,24,65,99,27,60
1670259112.588,6.5,8.2,0.0,95,25,66,99,24,61
1670259113.291,6.5,8.2,0.0,18,3,65,10,4,60
1670259117.595,6.6,8.2,0.0,32,8,65,9,1,59
1670259118.301,6.5,8.2,0.0,95,26,65,94,22,60
1670259122.599,6.7,8.2,0.0,64,17,66,11,2,60
1670259123.305,6.7,8.2,0.0,57,16,65,34,9,60
1670259127.602,6.6,8.2,0.0,84,25,65,94,24,60
1670259128.310,6.6,8.2,0.0,47,14,66,18,3,60
1670259132.607,6.5,8.2,0.0,63,18,66,14,6,61
1670259133.314,6.6,8.2,0.0,87,25,65,99,27,60
1670259137.611,6.6,8.2,0.0,60,16,67,54,15,61
1670259138.321,6.6,8.2,0.0,59,15,66,67,20,61
1670259142.616,6.5,8.2,0.0,39,8,65,86,25,59
1670259143.325,6.5,8.2,0.0,95,25,67,41,13,61
1670259147.620,6.5,8.2,0.0,5,1,66,23,10,60
1670259148.328,6.5,8.2,0.0,29,6,65,99,27,59
1670259152.624,6.7,8.2,0.0,94,24,66,99,26,60
1670259153.337,6.7,8.2,0.0,28,5,66,4,1,60
1670259157.630,6.9,8.2,0.0,48,13,66,25,6,60
1670259158.341,6.9,8.2,0.0,78,23,66,93,24,60
1670259162.635,6.5,8.2,0.0,55,16,66,77,19,61
1670259163.349,6.6,8.2,0.0,69,20,65,45,11,59
1670259167.640,6.7,8.2,0.0,97,27,65,73,22,60
1670259168.353,6.6,8.2,0.0,30,12,66,54,16,61
1670259172.645,6.5,8.2,0.0,15,7,66,38,13,61
1670259173.357,6.5,8.2,0.0,100,28,65,87,25,60
1670259177.657,6.5,8.2,0.0,99,25,66,99,27,60
1670259178.362,6.5,8.2,0.0,4,2,66,25,10,60
1670259182.663,6.7,8.2,0.0,28,5,65,3,0,59
1670259183.366,6.7,8.2,0.0,94,24,67,100,25,61
1670259187.668,6.6,8.2,0.0,77,19,66,8,4,60
1670259188.372,6.6,8.2,0.0,44,12,64,19,4,59
1670259192.684,6.5,8.2,0.0,71,21,64,93,22,59
1670259193.377,6.5,8.2,0.0,56,16,65,12,2,60
1670259197.692,6.6,8.2,0.0,25,10,65,21,2,60
1670259198.385,6.6,8.2,0.0,5,1,65,42,12,60
1670259202.696,6.5,8.2,0.0,25,10,66,26,10,60
1670259203.392,6.5,8.2,0.0,0,0,64,5,2,60
1670259207.702,6.5,8.2,0.0,99,27,64,100,25,59
1670259208.396,6.5,8.2,0.0,29,11,65,93,24,60
1670259212.707,6.7,8.2,0.0,42,13,65,74,20,60
1670259213.405,6.7,8.2,0.0,78,23,64,54,14,59
1670259217.711,6.6,8.2,0.0,59,17,65,79,20,61
1670259218.409,6.6,8.2,0.0,25,10,65,43,12,60
1670259222.715,6.5,8.2,0.0,93,27,64,68,19,59
1670259223.413,6.5,8.2,0.0,32,12,66,56,16,61
1670259227.720,6.7,8.2,0.0,10,1,65,20,9,60
1670259228.417,6.6,8.2,0.0,65,18,66,85,22,61
1670259232.732,6.5,8.2,0.0,95,25,65,98,24,60
1670259233.431,6.5,8.2,0.0,84,25,64,40,13,60
1670259237.739,6.5,8.2,0.0,45,12,64,17,2,59
1670259238.440,6.5,8.2,0.0,87,23,65,93,22,60
1670259242.743,6.7,8.2,0.0,98,26,64,71,21,59
1670259243.446,6.7,8.2,0.0,61,18,66,34,7,60
1670259247.749,6.6,8.2,0.0,100,26,64,79,23,59
1670259248.453,6.5,8.2,0.0,23,10,65,45,14,60
1670259252.753,6.5,8.2,0.0,3,0,65,24,10,60
1670259253.457,6.6,8.2,0.0,99,25,65,99,28,59
1670259257.757,6.6,8.2,0.0,95,25,66,98,24,61
1670259258.461,6.6,8.2,0.0,16,3,66,13,6,61
1670259262.763,6.5,8.2,0.0,51,14,64,99,28,59
1670259263.468,6.5,8.2,0.0,73,18,66,25,10,61
1670259267.766,6.5,8.2,0.0,95,27,65,99,27,60
1670259268.472,6.5,8.2,0.0,60,17,64,61,17,59
1670259272.781,6.6,8.2,0.0,74,21,65,83,25,60
1670259273.477,6.7,8.2,0.0,63,17,65,46,14,60
1670259277.785,6.6,8.2,0.0,24,5,66,21,9,61
1670259278.481,6.6,8.2,0.0,95,24,66,99,27,61
1670259282.790,6.5,8.2,0.0,91,24,66,28,11,61
1670259283.484,6.6,8.2,0.0,32,6,65,0,0,60
1670259287.795,6.7,8.2,0.0,61,17,65,98,25,59
1670259288.488,6.6,8.2,0.0,67,18,65,93,24,61
1670259292.800,6.5,8.2,0.0,54,15,65,21,5,61
1670259293.492,6.5,8.2,0.0,83,25,65,94,24,59
1670259297.804,6.5,8.2,0.0,43,14,66,71,18,61
1670259298.499,6.5,8.2,0.0,14,6,65,50,14,60
1670259302.809,6.7,8.2,0.0,100,27,65,86,25,59
1670259303.503,6.7,8.2,0.0,11,5,66,38,13,60
1670259307.814,6.6,8.2,0.0,24,2,66,14,6,60
1670259308.506,6.6,8.2,0.0,51,15,65,100,28,60
1670259312.818,6.5,8.2,0.0,74,19,66,93,24,61
1670259313.511,6.5,8.2,0.0,50,14,65,17,3,60
1670259317.823,6.6,8.2,0.0,75,22,64,42,12,59
1670259318.516,6.6,8.2,0.0,49,15,66,85,22,61
1670259322.827,6.5,8.2,0.0,28,11,65,59,16,60
1670259323.521,6.5,8.2,0.0,92,26,64,58,17,59
1670259327.831,6.5,8.2,0.0,100,28,65,70,21,60
1670259328.526,6.5,8.2,0.0,20,9,66,58,16,60
1670259332.837,6.7,8.2,0.0,2,1,66,24,6,61
1670259333.529,6.7,8.2,0.0,100,26,65,93,22,60
1670259337.842,6.6,8.2,0.0,95,24,66,93,22,61
1670259338.535,6.6,8.2,0.0,15,3,65,12,1,59
1670259342.847,6.5,8.2,0.0,99,27,65,51,14,60
1670259343.539,6.5,8.2,0.0,25,10,66,81,21,60
1670259347.852,6.6,8.2,0.0,22,10,66,41,12,61
1670259348.543,6.6,8.2,0.0,13,1,66,24,10,61
1670259352.856,6.5,8.2,0.0,95,23,67,58,16,61
1670259353.546,6.5,8.2,0.0,5,1,66,68,20,61
1670259357.863,6.5,8.2,0.0,24,5,66,15,6,61
1670259358.550,6.5,8.2,0.0,95,24,65,98,26,60
1670259362.868,6.7,8.2,0.0,80,21,66,22,9,60
1670259363.556,6.7,8.2,0.0,55,16,65,100,25,59
1670259367.872,6.6,8.2,0.0,84,25,65,95,23,60
1670259368.560,6.6,8.2,0.0,46,15,66,13,1,60
1670259372.877,6.5,8.2,0.0,76,21,65,37,10,60
1670259373.565,6.6,8.2,0.0,100,27,66,92,24,61
1670259377.882,6.7,8.2,0.0,29,11,66,68,18,60
1670259378.572,6.6,8.2,0.0,92,26,65,54,15,59
1670259382.889,6.5,8.2,0.0,99,27,65,76,21,60
1670259383.576,6.5,8.2,0.0,15,6,66,43,14,60
1670259387.895,6.5,8.2,0.0,30,6,66,12,5,61
1670259388.593,6.5,8.2,0.0,94,24,66,100,28,60
1670259392.900,6.7,8.2,0.0,88,26,65,93,23,60
1670259393.598,6.7,8.2,0.0,55,13,66,14,2,61
1670259397.907,6.6,8.2,0.0,81,24,65,100,28,60
1670259398.603,6.6,8.2,0.0,49,15,66,22,9,61
1670259402.920,6.5,8.2,0.0,29,11,66,40,13,61
1670259403.608,6.5,8.2,0.0,89,26,65,79,23,60
1670259407.924,6.6,8.2,0.0,100,27,66,99,26,61
1670259408.613,6.5,8.2,0.0,33,12,66,17,8,61
1670259412.927,6.5,8.2,0.0,52,14,65,13,2,59
1670259413.617,6.5,8.2,0.0,83,23,65,93,22,60
1670259417.932,6.6,8.2,0.0,46,14,66,13,1,60
1670259418.623,6.6,8.2,0.0,74,22,65,36,9,60
1670259422.940,6.7,8.2,0.0,100,28,65,69,20,60
1670259423.628,6.7,8.2,0.0,29,11,66,62,17,60
1670259427.944,6.6,8.2,0.0,2,1,66,53,15,61
1670259428.632,6.6,8.2,0.0,99,25,65,92,26,60
1670259432.949,6.5,8.2,0.0,95,25,66,39,13,61
1670259433.637,6.5,8.2,0.0,18,3,65,79,23,59
1670259437.952,6.6,8.2,0.0,48,12,65,99,27,60
1670259438.642,6.6,8.2,0.0,71,18,65,17,7,60
1670259442.957,6.5,8.2,0.0,41,14,66,16,2,61
1670259443.646,6.5,8.2,0.0,83,23,65,93,22,60
1670259447.960,6.5,8.2,0.0,54,16,67,91,24,61
1670259448.659,6.5,8.2,0.0,67,18,66,29,7,61
1670259452.963,6.7,8.2,0.0,93,26,65,54,16,60
1670259453.663,6.7,8.2,0.0,35,12,67,73,19,61
1670259457.969,6.9,8.2,0.0,94,22,65,100,27,60
1670259458.670,6.9,8.2,0.0,99,27,65,73,20,60
1670259462.973,6.5,8.2,0.0,94,23,66,95,26,60
1670259463.677,6.6,8.2,0.0,9,1,66,44,14,60
1670259467.979,6.7,8.2,0.0,31,8,66,39,11,60
1670259468.681,6.6,8.2,0.0,95,25,66,93,25,61
1670259472.984,6.5,8.2,0.0,83,22,66,86,22,61
1670259473.687,6.5,8.2,0.0,39,11,65,39,8,60
1670259477.990,6.5,8.2,0.0,99,25,65,68,20,60
1670259478.691,6.5,8.2,0.0,8,4,66,59,16,61
1670259482.996,6.6,8.2,0.0,11,1,66,34,12,61
1670259483.694,6.6,8.2,0.0,98,25,65,88,26,60
1670259488.000,6.6,8.2,0.0,88,23,67,100,27,61
1670259488.700,6.6,8.2,0.0,35,6,66,14,6,60
1670259493.005,6.5,8.2,0.0,59,14,65,99,27,60
1670259493.705,6.6,8.2,0.0,93,26,65,93,22,60
1670259498.020,6.7,8.2,0.0,39,14,66,14,1,61
1670259498.708,6.6,8.2,0.0,91,23,65,44,12,60
1670259503.024,6.5,8.2,0.0,100,26,66,78,20,61
1670259503.712,6.5,8.2,0.0,6,3,66,45,13,61
1670259508.028,6.5,8.2,0.0,16,2,65,68,20,60
1670259508.717,6.5,8.2,0.0,95,24,66,99,27,61
1670259513.032,6.7,8.2,0.0,8,1,66,35,12,61
1670259513.720,6.7,8.2,0.0,32,9,65,87,24,59
1670259518.035,6.6,8.2,0.0,60,18,65,100,28,60
1670259518.724,6.6,8.2,0.0,32,2,66,13,6,60
1670259523.041,6.5,8.2,0.0,58,16,66,15,3,61
1670259523.728,6.6,8.2,0.0,90,26,66,95,24,60
1670259528.046,6.7,8.2,0.0,38,13,67,87,23,61
1670259528.733,6.6,8.2,0.0,87,25,65,40,8,60
1670259533.050,6.5,8.2,0.0,65,19,65,88,24,60
1670259533.738,6.5,8.2,0.0,31,8,66,51,15,61
1670259538.056,6.5,8.2,0.0,49,13,65,27,7,61
1670259538.742,6.5,8.2,0.0,79,22,65,60,17,60
1670259543.060,6.7,8.2,0.0,9,1,66,71,18,60
1670259543.746,6.7,8.2,0.0,41,5,65,91,29,62
1670259548.064,6.6,8.2,0.0,57,16,67,93,23,61
1670259548.754,6.6,8.2,0.0,70,18,66,16,3,60
1670259553.074,6.5,8.2,0.0,99,27,65,66,11,60
1670259553.766,6.6,8.2,0.0,15,7,66,62,17,60
1670259558.081,6.6,8.2,0.0,40,8,65,16,7,60
1670259558.770,6.6,8.2,0.0,86,23,67,98,26,61
1670259563.085,6.5,8.2,0.0,50,16,66,0,0,60
1670259563.777,6.5,8.2,0.0,85,25,65,33,9,60
1670259568.089,6.5,8.2,0.0,95,24,65,95,27,60
1670259568.782,6.5,8.2,0.0,13,1,66,61,18,61
1670259573.094,6.7,8.2,0.0,42,12,65,90,26,59
1670259573.786,6.7,8.2,0.0,77,20,66,29,11,61
1670259578.099,6.6,8.2,0.0,38,13,66,8,1,60
1670259578.798,6.6,8.2,0.0,92,19,65,95,23,60
1670259583.103,6.5,8.2,0.0,97,24,66,77,20,61
1670259583.810,6.5,8.2,0.0,9,3,66,51,7,61
1670259588.115,6.5,8.2,0.0,84,25,65,97,24,60
1670259588.814,6.6,8.2,0.0,34,12,66,10,4,61
1670259593.122,6.5,8.2,0.0,10,1,65,56,16,60
1670259593.817,6.5,8.2,0.0,96,24,67,68,18,61
1670259598.125,6.4,8.2,0.0,12,2,66,59,16,60
1670259598.822,6.4,8.2,0.0,34,8,65,56,16,60
1670259603.134,6.7,8.2,0.0,71,18,67,95,27,61
1670259603.826,6.7,8.2,0.0,52,13,66,24,6,61
1670259608.137,6.6,8.2,0.0,71,21,65,60,17,60
1670259608.830,6.6,8.2,0.0,61,17,67,66,17,61
1670259613.144,6.5,8.2,0.0,30,8,66,36,12,61
1670259613.834,6.6,8.2,0.0,56,17,65,94,19,60
1670259618.148,6.7,8.2,0.0,54,15,67,96,24,61
1670259618.838,6.6,8.2,0.0,23,10,66,8,1,61
1670259623.154,6.6,8.2,0.0,100,28,65,52,15,60
1670259623.842,6.6,8.2,0.0,18,8,66,76,19,61
1670259628.159,6.5,8.2,0.0,23,5,66,59,11,61
1670259628.855,6.5,8.2,0.0,94,25,66,99,26,60
1670259633.163,6.7,8.2,0.0,15,3,65,49,6,60
1670259633.859,6.7,8.2,0.0,80,22,65,14,2,60
1670259638.167,6.6,8.2,0.0,99,25,65,95,25,60
1670259638.874,6.6,8.2,0.0,3,0,66,36,3,61
1670259643.172,6.5,8.2,0.0,44,12,65,77,21,60
1670259643.878,6.5,8.2,0.0,74,18,67,56,18,60
1670259648.176,6.6,8.2,0.0,100,28,65,50,14,60
1670259648.884,6.6,8.2,0.0,82,24,65,100,27,60
1670259653.180,6.5,8.2,0.0,99,26,66,98,24,60
1670259653.889,6.5,8.2,0.0,41,13,66,16,7,61
1670259658.186,6.5,8.2,0.0,5,2,65,28,10,59
1670259658.895,6.5,8.2,0.0,26,9,65,25,9,60
1670259663.192,6.7,8.2,0.0,30,10,63,30,10,58
1670259663.901,6.8,8.2,0.0,21,6,64,30,10,58
1670259668.199,6.5,8.2,0.0,28,10,64,5,1,58
1670259668.905,6.5,8.2,0.0,28,10,64,7,3,58
1670259673.204,6.5,8.1,0.0,36,0,63,28,10,58
1670259673.910,6.5,8.1,0.0,100,0,62,11,3,57
1670259678.218,6.7,8.2,0.0,94,26,63,98,27,58
1670259678.914,6.6,8.2,0.0,98,26,64,99,25,59
1670259683.222,6.5,8.2,0.0,15,7,65,12,2,59
1670259683.918,6.5,8.2,0.0,100,28,64,93,22,59
1670259688.227,6.5,8.2,0.0,95,27,65,64,17,60
1670259688.923,6.5,8.2,0.0,36,10,64,60,15,59
1670259693.231,6.6,8.2,0.0,59,16,66,100,27,60
1670259693.928,6.7,8.2,0.0,29,11,65,10,5,60
1670259698.237,6.6,8.2,0.0,100,26,64,51,14,59
1670259698.932,6.5,8.2,0.0,12,5,65,67,17,60
1670259703.247,6.5,8.2,0.0,59,17,65,4,2,59
1670259703.944,6.5,8.2,0.0,60,16,65,99,26,60
1670259708.251,6.7,8.2,0.0,94,24,65,83,23,60
1670259708.948,6.6,8.2,0.0,100,27,64,52,15,59
1670259713.261,6.5,8.2,0.0,77,23,66,42,13,60
1670259713.954,6.5,8.2,0.0,56,16,65,12,5,60
1670259718.265,6.5,8.2,0.0,99,26,64,94,23,59
1670259718.958,6.5,8.2,0.0,12,5,65,16,3,59
1670259723.268,6.7,8.2,0.0,51,8,64,74,22,59
1670259723.963,6.6,8.2,0.0,85,26,66,48,14,60
1670259728.273,6.6,8.2,0.0,24,10,65,3,0,60
1670259728.966,6.6,8.2,0.0,99,27,64,100,26,59
1670259733.277,6.5,8.2,0.0,86,22,65,95,26,60
1670259733.971,6.5,8.2,0.0,43,3,64,32,8,59
1670259738.281,6.7,8.2,0.0,80,23,64,98,25,59
1670259738.976,6.6,8.2,0.0,100,25,65,91,24,60
1670259743.288,6.5,8.2,0.0,26,10,65,50,15,60
1670259743.980,6.5,8.2,0.0,69,18,65,89,23,60
1670259748.292,6.5,8.2,0.0,67,18,65,52,15,60
1670259748.985,6.5,8.2,0.0,53,15,64,67,19,59
1670259753.305,6.7,8.2,0.0,100,20,65,99,25,61
1670259753.990,6.7,8.2,0.0,25,10,65,13,6,60
1670259758.310,7.0,8.2,0.0,20,3,64,33,9,59
1670259758.994,7.0,8.2,0.0,95,24,66,94,24,61
1670259763.315,6.5,8.2,0.0,82,25,65,96,26,59
1670259764.000,6.5,8.2,0.0,45,12,64,57,17,59
1670259768.319,6.7,8.2,0.0,72,21,65,83,25,59
1670259769.009,6.7,8.2,0.0,58,16,65,47,14,60
1670259773.323,6.5,8.2,0.0,60,16,65,71,21,60
1670259774.023,6.5,8.2,0.0,85,25,65,95,27,60
1670259778.328,6.5,8.2,0.0,52,15,66,40,13,61
1670259779.027,6.5,8.2,0.0,68,20,66,22,10,61
1670259783.332,6.8,8.2,0.0,87,25,64,98,27,59
1670259784.038,6.7,8.2,0.0,41,14,66,29,11,61
1670259788.337,6.6,8.2,0.0,34,12,65,24,10,60
1670259789.042,6.6,8.2,0.0,90,24,64,99,27,59
1670259793.340,6.5,8.2,0.0,100,28,65,98,25,60
1670259794.047,6.5,8.2,0.0,15,7,65,3,2,60
1670259798.343,6.6,8.2,0.0,16,2,66,15,2,60
1670259799.051,6.6,8.2,0.0,96,24,65,97,24,60
1670259803.347,6.5,8.2,0.0,94,24,66,43,14,61
1670259804.058,6.5,8.2,0.0,22,5,66,73,22,61
1670259808.351,6.5,8.2,0.0,32,7,64,87,25,59
1670259809.070,6.5,8.2,0.0,94,24,66,41,13,61
1670259813.356,6.7,8.2,0.0,96,24,66,97,24,60
1670259814.077,6.7,8.2,0.0,90,26,64,98,27,59
1670259818.360,6.6,8.2,0.0,99,28,65,98,25,60
1670259819.081,6.6,8.2,0.0,16,7,65,5,2,60
1670259823.363,6.5,8.2,0.0,6,3,66,10,2,60
1670259824.085,6.6,8.2,0.0,100,26,65,96,23,60
1670259828.367,6.7,8.2,0.0,94,24,66,91,25,61
1670259829.090,6.6,8.2,0.0,22,3,65,34,9,60
1670259833.370,6.5,8.2,0.0,38,10,65,50,14,60
1670259834.095,6.5,8.2,0.0,90,24,66,77,19,61
1670259838.374,6.5,8.2,0.0,32,8,65,52,15,60
1670259839.101,6.5,8.2,0.0,58,17,65,71,19,59
1670259843.378,6.7,8.2,0.0,84,22,65,69,18,60
1670259844.114,6.7,8.2,0.0,47,14,65,35,12,60
1670259848.383,6.6,8.2,0.0,71,21,64,83,25,59
1670259849.119,6.6,8.2,0.0,100,27,65,99,27,60
1670259853.388,6.5,8.2,0.0,36,13,66,26,10,60
1670259854.122,6.5,8.2,0.0,16,7,66,0,0,61
1670259858.395,6.7,8.2,0.0,100,27,65,99,26,60
1670259859.126,6.6,8.2,0.0,42,12,65,54,14,59
1670259863.399,6.5,8.2,0.0,8,1,66,14,2,61
1670259864.132,6.5,8.2,0.0,95,23,65,96,24,60
1670259868.405,6.4,8.2,0.0,86,21,65,58,17,60
1670259869.136,6.4,8.2,0.0,42,14,67,75,19,61
1670259873.409,6.7,8.2,0.0,27,10,66,12,2,61
1670259874.140,6.7,8.2,0.0,97,27,65,43,10,59
1670259878.413,6.5,8.2,0.0,99,27,67,78,20,60
1670259879.145,6.6,8.2,0.0,69,20,66,54,8,61
1670259883.417,6.5,8.2,0.0,99,27,65,21,2,59
1670259884.149,6.5,8.2,0.0,18,8,65,19,8,61
1670259888.422,6.6,8.2,0.0,45,11,65,57,16,59
1670259889.153,6.6,8.2,0.0,75,19,67,62,17,61
1670259893.428,6.5,8.2,0.0,6,2,65,8,3,61
1670259894.166,6.5,8.2,0.0,99,24,65,100,29,60
1670259898.442,6.5,8.2,0.0,33,12,66,41,15,61
1670259899.173,6.5,8.2,0.0,96,27,65,100,24,60
1670259903.446,6.7,8.2,0.0,74,19,65,63,17,60
1670259904.178,6.7,8.2,0.0,56,16,65,67,11,59
1670259908.450,6.6,8.2,0.0,19,8,66,95,26,61
1670259909.183,6.6,8.2,0.0,8,1,66,18,3,61
1670259913.459,6.5,8.2,0.0,45,3,65,56,16,60
1670259914.188,6.5,8.2,0.0,84,26,66,58,16,60
1670259918.465,6.6,8.2,0.0,100,26,65,96,23,60
1670259919.192,6.6,8.2,0.0,95,27,66,83,21,61
1670259923.472,6.4,8.2,0.0,100,22,65,99,25,60
1670259924.196,6.4,8.2,0.0,95,26,66,88,23,61
1670259928.479,6.5,8.2,0.0,95,19,65,99,27,59
1670259929.200,6.5,8.2,0.0,37,13,67,93,22,61
1670259933.486,6.6,8.2,0.0,30,12,66,37,12,61
1670259934.204,6.6,8.2,0.0,100,23,65,83,25,59
1670259938.491,6.6,8.2,0.0,12,2,66,50,13,60
1670259939.208,6.6,8.2,0.0,99,29,65,82,25,60
1670259943.495,6.5,8.2,0.0,63,17,66,12,5,60
1670259944.215,6.5,8.2,0.0,60,11,65,22,5,59
1670259948.499,6.6,8.2,0.0,67,21,67,45,14,61
1670259949.220,6.6,8.2,0.0,71,21,65,80,21,59
1670259953.503,6.5,8.2,0.0,95,26,66,89,23,61
1670259954.225,6.5,8.2,0.0,34,2,66,42,12,61
1670259958.513,6.5,8.2,0.0,100,22,65,98,25,60
1670259959.232,6.5,8.2,0.0,21,9,66,0,0,60
1670259963.519,6.7,8.2,0.0,69,20,65,79,22,59
1670259964.236,6.7,8.2,0.0,63,19,67,40,13,61
1670259968.523,6.6,8.2,0.0,33,2,65,43,12,59
1670259969.240,6.6,8.2,0.0,95,27,66,79,20,61
1670259973.529,6.5,8.2,0.0,24,10,66,2,1,61
1670259974.244,6.6,8.2,0.0,99,27,65,100,26,60
1670259978.536,6.7,8.2,0.0,63,20,66,38,13,60
1670259979.249,6.7,8.2,0.0,95,23,67,93,24,60
1670259983.540,6.5,8.2,0.0,95,24,67,94,24,61
1670259984.260,6.5,8.2,0.0,23,2,65,33,9,59
1670259988.544,6.5,8.2,0.0,75,19,66,63,17,61
1670259989.264,6.5,8.2,0.0,54,17,66,31,12,60
1670259993.547,6.7,8.2,0.0,100,24,65,98,24,60
1670259994.268,6.7,8.2,0.0,13,6,67,94,24,61
1670259998.554,6.6,8.2,0.0,52,6,66,51,15,60
1670259999.272,6.6,8.2,0.0,91,26,66,72,18,60
1670260003.559,6.5,8.2,0.0,22,9,66,46,14,60
1670260004.277,6.6,8.2,0.0,100,25,65,76,23,59
1670260008.563,6.6,8.2,0.0,81,21,67,31,12,61
1670260009.281,6.6,8.2,0.0,44,5,66,0,0,60
1670260013.579,6.5,8.2,0.0,90,24,65,93,24,60
1670260014.290,6.5,8.2,0.0,73,22,66,58,16,60
1670260018.585,6.5,8.2,0.0,86,17,65,95,27,59
1670260019.294,6.5,8.2,0.0,42,14,67,32,12,61
1670260023.599,6.7,8.2,0.0,16,2,67,26,6,60
1670260024.298,6.7,8.2,0.0,94,24,65,95,25,60
1670260028.605,6.6,8.2,0.0,100,28,65,93,23,60
1670260029.305,6.6,8.2,0.0,99,27,65,100,28,60
1670260033.609,6.5,8.2,0.0,56,16,65,66,19,60
1670260034.309,6.5,8.2,0.0,22,2,67,33,9,61
1670260038.616,6.6,8.2,0.0,43,11,65,52,15,59
1670260039.313,6.6,8.2,0.0,75,20,65,84,25,60
1670260043.621,6.5,8.2,0.0,50,15,66,41,13,60
1670260044.319,6.5,8.2,0.0,68,20,65,77,23,60
1670260048.628,6.5,8.2,0.0,99,27,66,100,28,60
1670260049.329,6.5,8.2,0.0,28,11,66,22,9,60
1670260053.632,6.7,8.2,0.0,16,7,67,0,0,60
1670260054.332,6.7,8.2,0.0,99,27,66,99,25,60
1670260058.637,7.0,8.2,0.0,95,24,67,93,23,61
1670260059.336,7.0,8.2,0.0,3,1,67,11,2,61
1670260063.644,6.5,8.2,0.0,98,25,65,43,12,60
1670260064.340,6.5,8.2,0.0,90,23,66,86,22,61
1670260068.647,6.7,8.2,0.0,26,6,66,6,1,60
1670260069.343,6.6,8.2,0.0,50,16,66,74,18,60
1670260073.652,6.5,8.2,0.0,87,22,67,100,27,61
1670260074.347,6.5,8.2,0.0,34,8,66,28,11,61
1670260078.655,6.5,8.2,0.0,21,5,66,6,3,60
1670260079.351,6.5,8.2,0.0,94,22,67,100,26,61
1670260083.660,6.8,8.2,0.0,31,12,67,22,10,61
1670260084.357,6.7,8.2,0.0,94,26,65,6,1,59
1670260088.664,6.5,8.2,0.0,95,23,66,95,24,60
1670260089.361,6.6,8.2,0.0,13,1,66,24,6,60
1670260093.667,6.5,8.2,0.0,31,8,67,43,12,61
1670260094.365,6.5,8.2,0.0,94,24,66,91,24,60
1670260098.671,6.7,8.2,0.0,78,20,67,65,17,61
1670260099.370,6.6,8.2,0.0,54,16,67,36,13,61
1670260103.677,6.5,8.2,0.0,65,17,65,76,22,60
1670260104.375,6.5,8.2,0.0,61,17,67,50,15,61
1670260108.684,6.5,8.2,0.0,46,14,66,35,12,60
1670260109.381,6.5,8.2,0.0,74,21,65,85,25,60
1670260113.688,6.7,8.2,0.0,98,27,66,99,27,60
1670260114.386,6.7,8.2,0.0,30,12,66,22,9,60
1670260118.694,6.5,8.2,0.0,22,9,67,11,5,61
1670260119.390,6.5,8.2,0.0,100,26,66,99,25,60
1670260123.698,6.5,8.2,0.0,95,22,67,95,24,61
1670260124.396,6.6,8.2,0.0,6,1,67,18,3,61
1670260128.703,6.6,8.2,0.0,37,10,65,48,12,60
1670260129.401,6.6,8.2,0.0,90,24,67,80,21,61
1670260133.708,6.5,8.2,0.0,91,24,66,94,25,61
1670260134.404,6.5,8.2,0.0,31,5,65,20,4,60
1670260138.712,6.5,8.2,0.0,63,18,65,100,27,60
1670260139.407,6.5,8.2,0.0,30,7,66,33,12,61
1670260143.721,6.7,8.2,0.0,36,10,66,12,5,60
1670260144.411,6.7,8.2,0.0,90,24,67,100,27,61
1670260148.725,6.6,8.2,0.0,28,11,67,98,25,61
1670260149.418,6.6,8.2,0.0,12,5,65,2,0,59
1670260153.732,6.5,8.2,0.0,99,27,65,100,26,60
1670260154.423,6.5,8.2,0.0,22,9,66,9,4,61
1670260158.740,6.6,8.2,0.0,5,1,66,19,2,61
1670260159.429,6.6,8.2,0.0,100,26,65,94,23,60
1670260163.746,6.5,8.2,0.0,95,24,66,88,23,61
1670260164.434,6.5,8.2,0.0,22,5,67,36,8,61
1670260168.752,6.5,8.2,0.0,45,12,66,58,16,60
1670260169.438,6.5,8.2,0.0,85,23,67,72,18,61
1670260173.757,6.7,8.2,0.0,60,17,67,47,14,61
1670260174.441,6.7,8.2,0.0,65,18,65,77,23,60
1670260178.761,6.6,8.2,0.0,98,27,66,100,28,60
1670260179.449,6.6,8.2,0.0,26,10,66,14,6,60
1670260183.764,6.5,8.2,0.0,5,1,66,18,2,61
1670260184.453,6.6,8.2,0.0,98,24,65,49,14,60
1670260188.769,6.7,8.2,0.0,94,24,67,86,22,61
1670260189.458,6.6,8.2,0.0,26,5,65,39,10,60
1670260193.774,6.5,8.2,0.0,95,24,66,67,20,60
1670260194.463,6.5,8.2,0.0,71,18,66,58,16,60
1670260198.779,6.5,8.2,0.0,60,17,66,52,15,60
1670260199.467,6.5,8.2,0.0,35,13,67,27,11,61
1670260203.783,6.7,8.2,0.0,69,18,66,95,26,60
1670260204.471,6.7,8.2,0.0,37,13,67,20,4,61
1670260208.788,6.6,8.2,0.0,70,21,65,15,1,60
1670260209.475,6.6,8.2,0.0,56,16,67,93,23,62
1670260213.793,6.5,8.2,0.0,55,15,66,75,20,61
1670260214.481,6.6,8.2,0.0,63,16,65,55,16,60
1670260218.797,6.7,8.2,0.0,26,10,67,15,7,61
1670260219.486,6.6,8.2,0.0,36,9,66,46,15,61
1670260223.804,6.5,8.2,0.0,65,19,65,80,22,60
1670260224.490,6.5,8.2,0.0,63,17,66,99,27,61
1670260228.809,6.5,8.2,0.0,35,13,66,22,9,61
1670260229.495,6.5,8.2,0.0,89,26,65,99,27,60
1670260233.813,6.7,8.2,0.0,100,26,65,96,23,60
1670260234.500,6.7,8.2,0.0,95,23,66,92,24,60
1670260238.823,6.6,8.2,0.0,16,2,67,31,8,61
1670260239.512,6.6,8.2,0.0,96,23,66,93,24,60
1670260243.827,6.5,8.2,0.0,68,20,65,83,25,60
1670260244.515,6.6,8.2,0.0,31,8,66,47,13,61
1670260248.831,6.6,8.2,0.0,31,12,66,17,8,61
1670260249.519,6.6,8.2,0.0,94,26,65,99,27,60
1670260253.846,6.5,8.2,0.0,99,27,66,96,24,60
1670260254.524,6.5,8.2,0.0,82,25,65,99,26,60
1670260258.850,6.5,8.2,0.0,100,28,66,99,25,61
1670260259.529,6.5,8.2,0.0,22,9,66,10,5,61
1670260263.855,6.7,8.2,0.0,29,7,65,43,12,60
1670260264.533,6.7,8.2,0.0,94,24,66,85,22,61
1670260268.860,6.7,8.2,0.0,69,18,66,80,20,61
1670260269.539,6.7,8.2,0.0,50,13,65,97,24,60
1670260273.873,6.5,8.2,0.0,84,22,66,99,26,60
1670260274.548,6.6,8.2,0.0,40,11,66,17,8,61
1670260278.876,6.7,8.2,0.0,35,9,66,8,1,61
1670260279.552,6.6,8.2,0.0,59,17,66,40,10,61
1670260283.881,6.5,8.2,0.0,97,24,67,95,24,60
1670260284.558,6.5,8.2,0.0,2,1,65,19,3,60
1670260288.885,6.5,8.2,0.0,99,25,65,52,15,60
1670260289.562,6.5,8.2,0.0,3,2,66,74,19,61
1670260293.890,6.7,8.2,0.0,42,11,67,63,18,61
1670260294.571,6.7,8.2,0.0,74,22,66,95,26,60
1670260298.894,6.5,8.2,0.0,54,15,67,33,12,62
1670260299.578,6.6,8.2,0.0,67,20,67,9,4,61
1670260303.897,6.5,8.2,0.0,99,28,65,100,26,60
1670260304.583,6.5,8.2,0.0,22,10,66,6,2,61
1670260308.901,6.7,8.2,0.0,6,3,66,16,2,61
1670260309.587,6.6,8.2,0.0,99,26,65,96,23,60
1670260313.905,6.5,8.2,0.0,94,23,67,88,23,61
1670260314.591,6.5,8.2,0.0,17,2,67,36,10,61
1670260318.911,6.5,8.2,0.0,40,9,67,31,12,61
1670260319.595,6.5,8.2,0.0,86,22,67,71,19,62
1670260323.916,6.7,8.2,0.0,72,18,66,52,15,61
1670260324.602,6.7,8.2,0.0,53,15,65,74,20,60
1670260328.929,6.5,8.2,0.0,81,24,66,99,27,60
1670260329.606,6.6,8.2,0.0,49,15,66,29,11,61
1670260333.933,6.5,8.2,0.0,24,10,66,23,10,61
1670260334.609,6.5,8.2,0.0,2,0,65,4,1,60
1670260338.937,6.6,8.2,0.0,95,24,66,99,27,61
1670260339.612,6.6,8.2,0.0,13,2,65,63,15,60
1670260343.941,6.5,8.2,0.0,99,25,65,80,24,60
1670260344.616,6.5,8.2,0.0,13,6,66,43,14,61
1670260348.945,6.5,8.2,0.0,26,10,66,22,10,61
1670260349.620,6.5,8.2,0.0,95,26,66,99,27,60
1670260353.949,6.7,8.2,0.0,99,28,66,99,26,61
1670260354.633,6.7,8.2,0.0,38,14,66,23,10,61
1670260358.954,7.0,8.2,0.0,10,3,65,28,10,59
1670260359.640,6.9,8.2,0.0,17,6,64,28,10,59
1670260363.961,6.5,8.2,0.0,30,10,64,14,5,59
1670260364.647,6.6,8.2,0.0,30,10,65,27,9,59
1670260368.969,6.7,8.2,0.0,8,2,64,30,10,58
1670260369.651,6.6,8.2,0.0,6,3,64,30,10,58
1670260373.979,6.5,8.1,0.0,1,0,63,30,10,58
1670260374.655,6.5,8.1,0.0,66,0,62,0,0,57
1670260378.986,6.4,8.2,0.0,100,28,64,94,23,58
1670260379.667,6.4,8.2,0.0,23,10,65,11,2,59
1670260383.993,6.7,8.2,0.0,25,5,65,50,14,60
1670260384.671,6.7,8.2,0.0,93,23,65,82,21,59
1670260388.997,6.6,8.2,0.0,59,16,65,35,12,60
1670260389.676,6.6,8.2,0.0,65,17,64,87,25,58
1670260394.001,6.5,8.2,0.0,100,23,64,95,23,59
1670260394.685,6.5,8.2,0.0,20,9,65,6,1,59
1670260399.010,6.6,8.2,0.0,16,2,65,34,9,58
1670260399.689,6.6,8.2,0.0,95,24,66,87,23,60
1670260404.014,6.5,8.2,0.0,80,24,64,95,25,59
1670260404.695,6.5,8.2,0.0,51,7,64,24,6,59
1670260409.027,6.5,8.2,0.0,99,26,65,95,22,59
1670260409.699,6.5,8.2,0.0,38,13,66,5,1,60
1670260414.030,6.7,8.2,0.0,69,21,64,46,12,59
1670260414.703,6.7,8.2,0.0,65,17,66,81,20,60
1670260419.034,6.7,8.2,0.0,55,15,65,45,15,60
1670260419.709,6.7,8.2,0.0,67,19,64,81,24,59
1670260424.038,6.5,8.2,0.0,100,24,65,98,24,60
1670260424.720,6.6,8.2,0.0,21,9,66,8,4,60
1670260429.048,6.6,8.2,0.0,18,2,64,31,8,59
1670260429.724,6.6,8.2,0.0,94,24,66,89,23,60
1670260434.058,6.5,8.2,0.0,29,7,65,57,16,60
1670260434.727,6.5,8.2,0.0,63,10,64,24,10,60
1670260439.062,6.5,8.2,0.0,58,16,66,99,27,60
1670260439.736,6.5,8.2,0.0,61,18,65,74,22,59
1670260444.069,6.8,8.2,0.0,100,28,64,23,5,59
1670260444.740,6.8,8.2,0.0,23,10,66,13,6,60
1670260449.074,6.6,8.2,0.0,21,2,65,33,9,60
1670260449.751,6.6,8.2,0.0,95,24,65,94,24,59
1670260454.078,6.5,8.2,0.0,70,22,66,39,13,61
1670260454.757,6.6,8.2,0.0,65,19,64,80,24,59
1670260459.081,6.6,8.2,0.0,99,28,65,100,26,59
1670260459.762,6.6,8.2,0.0,23,10,65,11,5,60
1670260464.088,6.5,8.2,0.0,13,1,66,28,7,60
1670260464.766,6.5,8.2,0.0,99,29,65,61,18,59
1670260469.093,6.5,8.2,0.0,69,18,66,76,20,60
1670260469.773,6.5,8.2,0.0,51,14,64,38,9,59
1670260474.097,6.7,8.2,0.0,100,27,65,94,23,60
1670260474.777,6.7,8.2,0.0,28,11,65,11,1,60
1670260479.101,6.6,8.2,0.0,94,21,64,58,17,59
1670260479.785,6.6,8.2,0.0,40,13,66,69,18,61
1670260484.105,6.5,8.2,0.0,55,18,66,28,11,60
1670260484.795,6.5,8.2,0.0,79,23,65,95,26,59
1670260489.109,6.5,8.2,0.0,99,25,66,93,23,61
1670260489.798,6.5,8.2,0.0,10,1,66,24,6,60
1670260494.112,6.5,8.2,0.0,46,13,65,62,18,59
1670260494.802,6.5,8.2,0.0,89,25,66,62,17,61
1670260499.116,6.5,8.2,0.0,39,13,66,29,11,61
1670260499.806,6.5,8.2,0.0,85,24,65,99,27,59
1670260504.120,6.7,8.2,0.0,35,12,66,95,23,61
1670260504.810,6.7,8.2,0.0,7,3,65,5,1,60
1670260509.132,6.6,8.2,0.0,99,28,65,61,18,60
1670260509.815,6.6,8.2,0.0,82,22,65,92,26,60
1670260514.139,6.5,8.2,0.0,55,16,66,71,21,60
1670260514.819,6.5,8.2,0.0,89,26,65,99,27,59
1670260519.144,6.7,8.2,0.0,40,14,66,24,10,61
1670260519.824,6.7,8.2,0.0,94,19,64,99,27,59
1670260524.150,6.5,8.2,0.0,98,24,65,93,23,60
1670260524.839,6.5,8.2,0.0,12,2,66,27,2,60
1670260529.155,6.5,8.2,0.0,53,14,65,66,19,60
1670260529.843,6.5,8.2,0.0,79,21,67,64,17,61
1670260534.159,6.7,8.2,0.0,40,14,66,31,12,60
1670260534.847,6.7,8.2,0.0,86,25,65,86,25,59
1670260539.163,6.5,8.2,0.0,100,27,65,63,17,61
1670260539.851,6.6,8.2,0.0,100,27,66,81,21,60
1670260544.169,6.5,8.2,0.0,20,9,66,36,10,61
1670260544.855,6.5,8.2,0.0,100,28,65,87,23,60
1670260549.173,6.7,8.2,0.0,44,14,67,53,15,61
1670260549.862,6.6,8.2,0.0,76,15,65,76,23,59
1670260554.180,6.5,8.2,0.0,70,20,65,85,25,60
1670260554.866,6.5,8.2,0.0,65,20,66,36,12,61
1670260559.184,6.5,8.2,0.0,20,9,66,5,2,61
1670260559.870,6.5,8.2,0.0,100,28,65,98,25,60
1670260564.190,6.6,8.2,0.0,96,24,67,93,24,61
1670260564.876,6.7,8.2,0.0,4,0,66,19,2,60
1670260569.195,6.6,8.2,0.0,29,7,66,51,15,60
1670260569.881,6.6,8.2,0.0,95,24,67,87,23,61
1670260574.200,6.5,8.2,0.0,79,23,65,93,26,60
1670260574.884,6.6,8.2,0.0,44,10,65,58,17,59
1670260579.211,6.6,8.2,0.0,76,23,65,92,25,60
1670260579.895,6.6,8.2,0.0,52,15,66,38,13,60
1670260584.216,6.5,8.2,0.0,63,18,66,79,23,61
1670260584.899,6.5,8.2,0.0,68,18,66,97,27,60
1670260589.220,6.5,8.2,0.0,100,27,65,98,24,60
1670260589.905,6.5,8.2,0.0,83,25,65,0,0,59
1670260594.226,6.6,8.2,0.0,100,28,65,99,25,59
1670260594.910,6.6,8.2,0.0,22,10,66,7,3,61
1670260599.230,6.6,8.2,0.0,13,2,66,27,7,61
1670260599.915,6.6,8.2,0.0,96,24,65,93,24,60
1670260604.234,6.5,8.2,0.0,92,24,66,93,23,61
1670260604.921,6.5,8.2,0.0,34,9,66,14,1,61
1670260609.237,6.6,8.2,0.0,53,15,65,95,27,60
1670260609.926,6.6,8.2,0.0,79,20,67,32,12,61
1670260614.242,6.5,8.2,0.0,14,2,66,16,7,60
1670260614.929,6.5,8.2,0.0,30,8,65,100,27,60
1670260619.252,6.5,8.2,0.0,100,26,65,93,22,60
1670260619.933,6.5,8.2,0.0,3,1,66,18,2,61
1670260624.257,6.7,8.2,0.0,25,6,66,43,12,61
1670260624.937,6.7,8.2,0.0,95,24,67,82,21,61
1670260629.261,6.6,8.2,0.0,78,20,67,61,17,61
1670260629.941,6.6,8.2,0.0,42,11,65,60,17,60
1670260634.265,6.5,8.2,0.0,73,21,65,92,26,60
1670260634.946,6.5,8.2,0.0,92,27,67,59,16,60
1670260639.269,6.6,8.2,0.0,53,16,66,27,11,60
1670260639.959,6.6,8.2,0.0,77,23,65,97,26,60
1670260644.273,6.5,8.2,0.0,99,28,66,100,26,61
1670260644.963,6.5,8.2,0.0,23,10,66,16,7,61
1670260649.279,6.5,8.2,0.0,100,28,65,31,8,60
1670260649.967,6.5,8.2,0.0,95,23,67,93,24,61
1670260654.284,6.7,8.2,0.0,5,1,66,75,19,60
1670260654.970,6.7,8.2,0.0,26,6,65,45,12,60
1670260659.292,6.9,8.2,0.0,94,24,66,81,21,60
1670260659.983,6.9,8.2,0.0,21,5,66,59,17,60
1670260664.305,6.5,8.2,0.0,38,10,66,56,16,61
1670260664.992,6.5,8.2,0.0,95,25,65,81,24,60
1670260669.315,6.6,8.2,0.0,73,19,67,68,18,61
1670260669.995,6.6,8.2,0.0,45,12,66,44,12,61
1670260674.319,6.5,8.2,0.0,62,17,65,17,3,59
1670260675.000,6.5,8.2,0.0,92,26,65,40,11,60
1670260679.324,6.5,8.2,0.0,71,18,66,10,4,61
1670260680.007,6.5,8.2,0.0,47,13,65,18,2,60
1670260684.328,6.7,8.2,0.0,98,26,65,93,23,60
1670260685.017,6.7,8.2,0.0,5,2,66,20,4,60
1670260689.334,6.6,8.2,0.0,20,3,66,41,11,61
1670260690.027,6.6,8.2,0.0,93,23,65,93,25,60
1670260694.338,6.6,8.2,0.0,86,22,67,69,18,61
1670260695.032,6.6,8.2,0.0,34,8,66,55,16,60
1670260699.343,6.6,8.2,0.0,52,14,65,73,22,60
1670260700.037,6.6,8.2,0.0,74,19,67,55,16,61
1670260704.346,6.5,8.2,0.0,50,15,67,98,24,61
1670260705.042,6.5,8.2,0.0,74,22,65,97,26,60
1670260709.350,6.5,8.2,0.0,100,27,66,99,25,60
1670260710.046,6.5,8.2,0.0,27,11,66,9,4,60
1670260714.353,6.7,8.2,0.0,7,3,66,18,2,60
1670260715.050,6.7,8.2,0.0,100,27,66,93,22,60
1670260719.357,6.6,8.2,0.0,93,22,66,93,25,60
1670260720.054,6.6,8.2,0.0,9,1,65,32,5,59
1670260724.368,6.5,8.2,0.0,97,24,65,57,17,60
1670260725.059,6.6,8.2,0.0,88,23,66,64,17,60
1670260729.373,6.7,8.2,0.0,24,5,66,51,15,61
1670260730.066,6.6,8.2,0.0,49,13,65,70,21,60
1670260734.377,6.5,8.2,0.0,73,19,67,54,15,61
1670260735.071,6.5,8.2,0.0,50,14,66,64,18,61
1670260739.387,6.5,8.2,0.0,30,8,66,7,1,61
1670260740.075,6.5,8.2,0.0,94,24,65,100,26,60
1670260744.395,6.7,8.2,0.0,81,21,67,27,11,61
1670260745.079,6.7,8.2,0.0,36,9,66,6,3,61
1670260749.399,6.6,8.2,0.0,21,4,65,18,3,60
1670260750.084,6.6,8.2,0.0,94,22,67,95,23,61
1670260754.404,6.5,8.2,0.0,23,10,66,7,1,60
1670260755.090,6.5,8.2,0.0,99,27,65,32,7,60
1670260759.411,6.6,8.2,0.0,98,25,65,63,18,60
1670260760.095,6.6,8.2,0.0,4,1,66,30,8,61
1670260764.414,6.5,8.2,0.0,40,10,65,69,20,60
1670260765.099,6.5,8.2,0.0,88,24,67,54,16,62
1670260769.419,6.5,8.2,0.0,95,26,66,25,6,61
1670260770.106,6.5,8.2,0.0,56,16,65,85,25,60
1670260774.423,6.7,8.2,0.0,93,26,65,99,26,60
1670260775.110,6.7,8.2,0.0,34,12,66,9,4,60
1670260779.427,6.5,8.2,0.0,22,9,66,10,2,61
1670260780.114,6.5,8.2,0.0,100,27,65,98,24,60
1670260784.431,6.6,8.2,0.0,95,23,67,91,24,62
1670260785.117,6.6,8.2,0.0,3,0,66,33,6,61
1670260789.442,6.7,8.2,0.0,35,7,65,64,19,60
1670260790.121,6.7,8.2,0.0,88,23,67,58,16,61
1670260794.446,6.5,8.2,0.0,22,4,66,46,14,61
1670260795.126,6.5,8.2,0.0,49,14,65,79,22,60
1670260799.458,6.5,8.2,0.0,95,25,66,95,27,60
1670260800.130,6.5,8.2,0.0,35,9,66,32,12,61
1670260804.462,6.7,8.2,0.0,66,18,66,68,20,61
1670260805.134,6.7,8.2,0.0,99,27,66,65,18,61
1670260809.467,6.6,8.2,0.0,34,12,66,72,18,61
1670260810.139,6.5,8.2,0.0,91,26,65,51,14,60
1670260814.477,6.6,8.2,0.0,89,26,65,77,21,60
1670260815.144,6.6,8.2,0.0,47,15,66,51,15,60
1670260819.481,6.7,8.2,0.0,45,11,66,25,10,61
1670260820.158,6.6,8.2,0.0,91,24,65,99,27,60
1670260824.485,6.5,8.2,0.0,62,17,67,99,25,62
1670260825.162,6.5,8.2,0.0,58,16,65,14,6,60
1670260829.492,6.4,8.2,0.0,79,24,65,10,1,60
1670260830.166,6.5,8.2,0.0,50,15,67,23,10,61
1670260834.497,6.7,8.2,0.0,33,12,66,8,4,61
1670260835.171,6.6,8.2,0.0,91,26,65,22,3,60
1670260839.506,6.6,8.2,0.0,97,24,65,95,25,60
1670260840.175,6.6,8.2,0.0,5,1,66,34,4,61
1670260844.512,6.6,8.2,0.0,32,8,65,60,17,60
1670260845.179,6.5,8.2,0.0,95,25,67,67,18,61
1670260849.517,6.6,8.2,0.0,69,18,66,40,13,61
1670260850.183,6.6,8.2,0.0,52,15,65,79,23,60
1670260854.520,6.5,8.2,0.0,76,22,65,99,27,60
1670260855.187,6.5,8.2,0.0,51,15,67,96,23,61
1670260859.525,6.5,8.2,0.0,28,11,66,4,2,61
1670260860.199,6.5,8.2,0.0,100,27,65,31,8,60
1670260864.529,6.7,8.2,0.0,100,28,65,93,23,60
1670260865.202,6.7,8.2,0.0,15,6,66,15,2,61
1670260869.534,6.6,8.2,0.0,100,28,65,34,9,60
1670260870.206,6.6,8.2,0.0,51,13,65,61,18,60
1670260874.537,6.5,8.2,0.0,21,5,66,7,3,61
1670260875.221,6.5,8.2,0.0,94,24,65,99,26,60
1670260879.542,6.6,8.2,0.0,88,23,66,93,22,61
1670260880.229,6.6,8.2,0.0,95,26,65,76,23,60
1670260884.548,6.5,8.2,0.0,7,1,65,33,9,60
1670260885.233,6.5,8.2,0.0,100,26,65,65,19,60
1670260889.553,6.5,8.2,0.0,22,10,67,75,19,61
1670260890.237,6.5,8.2,0.0,100,28,65,46,13,60
1670260894.558,6.7,8.2,0.0,99,25,65,66,4,60
1670260895.240,6.7,8.2,0.0,4,2,66,57,16,61
1670260899.562,6.6,8.2,0.0,100,22,65,95,23,61
1670260900.245,6.6,8.2,0.0,93,25,66,100,27,61
1670260904.573,6.5,8.2,0.0,100,27,65,93,24,60
1670260905.251,6.6,8.2,0.0,86,21,65,27,7,60
1670260909.577,6.6,8.2,0.0,100,28,65,93,25,60
1670260910.255,6.6,8.2,0.0,10,4,66,32,5,61
1670260914.581,6.5,8.2,0.0,27,10,66,46,13,61
1670260915.259,6.4,8.2,0.0,99,26,65,66,12,60
1670260919.585,6.5,8.2,0.0,76,23,66,100,25,60
1670260920.265,6.5,8.2,0.0,48,7,65,90,26,60
1670260924.589,6.7,8.2,0.0,97,24,67,84,22,62
1670260925.270,6.7,8.2,0.0,8,3,66,46,5,61
1670260929.597,6.6,8.2,0.0,86,25,65,100,27,60
1670260930.275,6.6,8.2,0.0,29,11,66,9,3,61
1670260934.613,6.5,8.2,0.0,64,10,65,99,27,60
1670260935.279,6.6,8.2,0.0,68,21,66,22,9,60
1670260939.623,6.6,8.2,0.0,52,15,65,57,8,60
1670260940.283,6.6,8.2,0.0,97,27,65,95,16,60
1670260944.631,6.5,8.2,0.0,99,27,65,90,26,60
1670260945.287,6.5,8.2,0.0,19,8,66,25,10,60
1670260949.636,6.5,8.2,0.0,61,18,65,72,14,59
1670260950.291,6.5,8.2,0.0,66,17,66,60,18,61
1670260954.642,6.7,8.2,0.0,10,5,66,30,7,61
1670260955.295,6.7,8.2,0.0,42,14,67,94,25,61
1670260959.649,7.0,8.2,0.0,28,7,67,18,8,61
1670260960.299,7.0,8.2,0.0,84,22,66,100,26,60
1670260964.653,6.5,8.2,0.0,93,22,66,96,19,60
1670260965.305,6.5,8.2,0.0,100,27,65,62,18,60
1670260969.658,6.6,8.2,0.0,88,26,65,38,3,60
1670260970.310,6.6,8.2,0.0,39,13,66,81,20,60
1670260974.665,6.5,8.2,0.0,41,3,66,19,9,61
1670260975.314,6.5,8.2,0.0,90,26,66,98,24,61
1670260979.670,6.5,8.2,0.0,23,10,66,61,16,60
1670260980.333,6.5,8.2,0.0,100,28,65,59,17,60
1670260984.674,6.7,8.2,0.0,92,28,66,29,11,61
1670260985.337,6.7,8.2,0.0,54,6,65,3,0,59
1670260989.678,6.6,8.2,0.0,100,28,65,93,24,60
1670260990.341,6.6,8.2,0.0,24,10,66,34,9,61
1670260994.683,6.5,8.2,0.0,51,14,65,98,27,59
1670260995.345,6.5,8.2,0.0,84,25,67,27,11,60
1670260999.690,6.7,8.2,0.0,93,23,65,100,27,60
1670261000.349,6.6,8.2,0.0,98,27,66,93,25,60
1670261004.694,6.5,8.2,0.0,88,26,66,48,14,60
1670261005.353,6.5,8.2,0.0,42,14,67,99,26,61
1670261009.698,6.5,8.2,0.0,100,24,66,54,15,61
1670261010.357,6.5,8.2,0.0,12,5,66,72,22,60
1670261014.702,6.6,8.2,0.0,95,23,65,95,23,60
1670261015.364,6.7,8.2,0.0,16,2,66,20,4,61
1670261019.707,6.6,8.2,0.0,27,2,65,76,23,59
1670261020.368,6.6,8.2,0.0,95,24,66,50,15,61
1670261024.712,6.6,8.2,0.0,35,12,66,7,1,61
1670261025.372,6.6,8.2,0.0,89,26,66,98,25,60
1670261029.721,6.6,8.2,0.0,41,15,67,73,18,61
1670261030.377,6.6,8.2,0.0,99,27,65,53,12,60
1670261034.724,6.5,8.2,0.0,95,24,65,97,27,60
1670261035.381,6.5,8.2,0.0,21,2,66,28,11,61
1670261039.727,6.5,8.2,0.0,78,24,65,29,7,59
1670261040.385,6.5,8.2,0.0,53,17,67,88,23,61
1670261044.730,6.7,8.2,0.0,15,7,66,60,16,60
1670261045.389,6.6,8.2,0.0,100,28,65,63,18,60
1670261049.734,6.6,8.2,0.0,95,23,65,94,27,60
1670261050.393,6.6,8.2,0.0,12,1,66,60,17,61
1670261054.738,6.6,8.2,0.0,10,1,66,44,14,61
1670261055.402,6.6,8.2,0.0,29,6,66,26,10,60
1670261059.745,6.5,8.2,0.0,28,9,64,20,7,58
1670261060.409,6.5,8.2,0.0,30,10,63,30,10,58
1670261064.750,6.5,8.2,0.0,28,10,64,28,10,58
1670261065.413,6.5,8.2,0.0,14,4,65,28,10,59
1670261069.754,6.5,8.2,0.0,5,1,64,7,2,58
1670261070.426,6.5,8.2,0.0,16,6,64,16,6,58
1670261074.758,6.7,8.1,0.0,17,0,62,18,0,57
1670261075.433,6.7,8.1,0.0,17,0,62,14,0,57
1670261079.761,3.5,8.3,0.0,0,0,61,0,0,56
1670261080.437,3.0,8.3,0.0,0,0,61,0,0,56
1670261084.765,4.9,8.5,0.0,5,1,61,53,13,56
1670261085.441,5.4,8.5,0.0,10,3,60,11,3,56
1670261089.768,6.6,8.5,0.0,11,3,60,9,2,55
1670261090.445,6.6,8.5,0.0,11,3,60,11,3,55
1670261094.773,6.4,8.5,0.0,11,3,60,11,3,55
1670261095.449,6.5,8.5,0.0,11,3,60,8,2,55
1670261099.783,6.5,8.5,0.0,11,3,59,9,2,54
1670261100.453,6.4,8.5,0.0,11,3,59,11,3,55
1670261104.786,6.7,8.5,0.0,12,3,58,8,2,54
1670261105.457,6.7,8.5,0.0,12,3,58,11,3,54
1670261109.792,6.6,8.5,0.0,11,3,58,11,3,53
1670261110.462,6.6,8.5,0.0,7,2,58,11,3,53
1670261114.795,6.5,8.5,0.0,10,2,58,11,3,53
1670261115.466,6.5,8.5,0.0,11,3,58,11,3,53
1670261119.803,6.6,8.5,0.0,11,3,58,11,3,53
1670261120.470,6.6,8.5,0.0,11,3,57,5,1,53
1670261124.809,6.5,8.5,0.0,11,3,57,11,3,53
1670261125.474,6.4,8.5,0.0,11,3,57,11,3,52
1670261129.816,6.5,8.5,0.0,11,3,56,10,2,52
1670261130.479,6.5,8.5,0.0,11,3,56,11,3,52
1670261134.828,6.5,8.5,0.0,2,0,57,0,0,51
1670261135.483,6.1,8.5,0.0,0,0,56,0,0,51
1670261139.832,3.2,8.5,0.0,0,0,55,0,0,50
1670261140.487,3.4,8.5,0.0,0,0,55,0,0,50
1670261144.836,6.1,8.5,0.0,0,0,55,0,0,50
1670261145.491,6.4,8.5,0.0,0,0,55,0,0,50
1670261149.840,6.5,8.6,0.0,0,0,54,0,0,49
1670261150.495,6.0,8.6,0.0,0,0,54,0,0,49
1670261154.847,7.3,8.9,0.0,0,0,53,0,0,49
1670261155.498,7.9,9.0,0.0,0,0,53,0,0,49
1670261159.851,8.5,9.0,0.0,0,0,53,0,0,48
1670261160.504,8.5,9.0,0.0,0,0,53,0,0,48
1670261164.855,8.7,9.0,0.0,0,0,52,0,0,48
1670261165.511,8.7,9.0,0.0,0,0,52,0,0,48
1670261169.858,8.7,9.0,0.0,0,0,52,0,0,47
1670261170.520,8.7,9.0,0.0,0,0,52,0,0,47
1670261174.869,8.6,9.0,0.0,0,0,51,0,0,47
1670261175.527,8.7,9.0,0.0,0,0,51,0,0,47
1670261179.880,8.7,9.0,0.0,0,0,51,0,0,46
1670261180.538,8.6,9.0,0.0,0,0,51,0,0,46
1670261184.890,8.6,9.0,0.0,0,0,50,0,0,46
1670261185.545,8.6,9.0,0.0,0,0,50,0,0,46
1670261189.897,8.6,9.0,0.0,0,0,50,0,0,45
